,country,year,population_den,income_p,life_exp,human_dev,suicide_rate
0,Albania,1990,120.0,4840.0,72.8,0.644,4.05
1,Albania,1991,120.0,3510.0,72.6,0.625,4.05
2,Albania,1992,118.0,3280.0,73.2,0.608,1.6
3,Albania,1993,117.0,3610.0,73.8,0.611,2.5
4,Albania,1994,115.0,3930.0,74.6,0.617,1.8
5,Albania,1995,114.0,4490.0,74.6,0.629,2.9
6,Albania,1996,113.0,4930.0,74.5,0.639,2.96
7,Albania,1997,113.0,4420.0,72.9,0.639,5.48
8,Albania,1998,114.0,4840.0,74.8,0.649,4.95
9,Albania,1999,114.0,5490.0,75.1,0.66,4.47
10,Albania,2000,114.0,5910.0,75.4,0.667,1.88
11,Albania,2001,114.0,6460.0,76.0,0.673,4.04
12,Albania,2002,114.0,6780.0,75.9,0.68,4.53
13,Albania,2003,114.0,7180.0,75.6,0.687,4.08
14,Albania,2004,113.0,7610.0,75.8,0.692,4.72
15,Albania,2005,113.0,8070.0,76.2,0.702,4.05
16,Albania,2006,112.0,8600.0,76.9,0.709,4.05
17,Albania,2007,111.0,9180.0,77.5,0.718,4.06
18,Albania,2008,110.0,9940.0,77.6,0.724,5.34
19,Albania,2009,109.0,10300.0,78.0,0.729,4.05
20,Albania,2010,108.0,10800.0,78.1,0.74,3.08
21,Albania,2011,107.0,11100.0,78.1,0.759,4.05
22,Albania,2012,106.0,11300.0,78.2,0.771,4.05
23,Albania,2013,106.0,11400.0,78.3,0.781,4.05
24,Albania,2014,106.0,11600.0,78.2,0.787,4.05
25,Albania,2015,105.0,11900.0,78.1,0.788,4.05
26,Argentina,1990,11.9,14100.0,72.5,0.707,6.79
27,Argentina,1991,12.1,15200.0,72.7,0.714,6.12
28,Argentina,1992,12.3,16200.0,72.8,0.719,6.79
29,Argentina,1993,12.4,17300.0,73.0,0.725,6.81
30,Argentina,1994,12.6,18100.0,73.4,0.729,6.72
31,Argentina,1995,12.7,17400.0,73.4,0.731,6.46
32,Argentina,1996,12.9,18100.0,73.5,0.738,6.47
33,Argentina,1997,13.0,19300.0,73.6,0.746,6.72
34,Argentina,1998,13.2,19900.0,73.7,0.752,6.72
35,Argentina,1999,13.3,19000.0,73.8,0.763,6.72
36,Argentina,2000,13.5,18600.0,74.2,0.77,6.72
37,Argentina,2001,13.6,17600.0,74.3,0.775,6.72
38,Argentina,2002,13.8,15500.0,74.3,0.77,6.72
39,Argentina,2003,13.9,16700.0,74.4,0.775,6.72
40,Argentina,2004,14.1,18000.0,74.9,0.775,6.72
41,Argentina,2005,14.2,19400.0,75.3,0.777,6.72
42,Argentina,2006,14.4,20800.0,75.4,0.801,6.72
43,Argentina,2007,14.5,22400.0,75.3,0.806,6.72
44,Argentina,2008,14.6,23100.0,75.7,0.81,6.72
45,Argentina,2009,14.8,21500.0,75.8,0.81,6.72
46,Argentina,2010,14.9,23500.0,75.9,0.818,6.72
47,Argentina,2011,15.1,24600.0,76.0,0.823,6.72
48,Argentina,2012,15.3,24100.0,76.2,0.823,6.72
49,Argentina,2013,15.4,24400.0,76.3,0.824,6.72
50,Argentina,2014,15.6,23600.0,76.5,0.825,6.72
51,Argentina,2015,15.7,23900.0,76.5,0.828,6.72
52,Armenia,1990,124.0,5180.0,70.6,0.633,3.02
53,Armenia,1991,123.0,4620.0,70.3,0.629,2.29
54,Armenia,1992,121.0,2740.0,69.4,0.585,2.47
55,Armenia,1993,118.0,2550.0,69.0,0.59,2.99
56,Armenia,1994,115.0,2760.0,69.5,0.6,3.21
57,Armenia,1995,113.0,3010.0,70.1,0.604,3.59
58,Armenia,1996,111.0,3230.0,70.4,0.614,2.47
59,Armenia,1997,110.0,3380.0,71.1,0.625,2.04
60,Armenia,1998,109.0,3650.0,71.6,0.637,1.71
61,Armenia,1999,109.0,3800.0,71.9,0.644,1.69
62,Armenia,2000,108.0,4050.0,72.4,0.649,1.58
63,Armenia,2001,107.0,4460.0,72.5,0.653,1.53
64,Armenia,2002,107.0,5080.0,72.7,0.663,2.15
65,Armenia,2003,106.0,5820.0,72.8,0.672,1.84
66,Armenia,2004,105.0,6470.0,73.0,0.681,2.04
67,Armenia,2005,105.0,7420.0,73.0,0.694,2.04
68,Armenia,2006,104.0,8460.0,73.1,0.708,2.04
69,Armenia,2007,103.0,9710.0,73.5,0.724,2.04
70,Armenia,2008,102.0,10500.0,73.5,0.727,1.74
71,Armenia,2009,101.0,9050.0,73.6,0.724,2.04
72,Armenia,2010,101.0,9290.0,73.9,0.729,2.04
73,Armenia,2011,101.0,9730.0,74.2,0.733,2.04
74,Armenia,2012,101.0,10400.0,74.6,0.737,2.39
75,Armenia,2013,102.0,10700.0,75.1,0.743,1.92
76,Armenia,2014,102.0,11000.0,75.2,0.746,1.54
77,Armenia,2015,103.0,11300.0,75.1,0.748,2.02
78,Australia,1990,2.21,31200.0,77.0,0.866,12.2
79,Australia,1991,2.24,30600.0,77.4,0.867,12.5
80,Australia,1992,2.27,30400.0,77.6,0.868,12.1
81,Australia,1993,2.29,31300.0,77.9,0.872,10.8
82,Australia,1994,2.32,32200.0,78.0,0.875,12.0
83,Australia,1995,2.34,33000.0,78.3,0.883,11.3
84,Australia,1996,2.37,33900.0,78.5,0.886,12.4
85,Australia,1997,2.39,34800.0,78.8,0.889,13.5
86,Australia,1998,2.42,36100.0,79.1,0.892,13.3
87,Australia,1999,2.45,37500.0,79.4,0.895,12.4
88,Australia,2000,2.47,38500.0,79.7,0.898,11.7
89,Australia,2001,2.5,38700.0,80.1,0.9,11.8
90,Australia,2002,2.53,39700.0,80.3,0.903,11.0
91,Australia,2003,2.55,40400.0,80.6,0.904,10.1
92,Australia,2004,2.59,41600.0,80.9,0.907,9.66
93,Australia,2005,2.63,42300.0,81.2,0.902,11.2
94,Australia,2006,2.67,42900.0,81.5,0.905,9.45
95,Australia,2007,2.72,44300.0,81.5,0.908,9.71
96,Australia,2008,2.78,45000.0,81.7,0.922,9.96
97,Australia,2009,2.83,44900.0,81.9,0.923,9.62
98,Australia,2010,2.88,45100.0,82.1,0.926,9.82
99,Australia,2011,2.93,45600.0,82.3,0.928,9.73
100,Australia,2012,2.98,46600.0,82.6,0.932,10.3
101,Australia,2013,3.03,47000.0,82.7,0.926,10.2
102,Australia,2014,3.07,47400.0,82.7,0.929,11.2
103,Australia,2015,3.12,47800.0,82.7,0.933,11.6
104,Austria,1990,93.7,37600.0,76.0,0.795,19.5
105,Austria,1991,94.3,38500.0,76.1,0.799,18.7
106,Austria,1992,95.0,38800.0,76.3,0.805,18.6
107,Austria,1993,95.8,38700.0,76.5,0.809,17.7
108,Austria,1994,96.4,39500.0,76.7,0.813,18.6
109,Austria,1995,97.0,40500.0,77.0,0.817,18.5
110,Austria,1996,97.3,41400.0,77.3,0.82,18.0
111,Austria,1997,97.5,42200.0,77.7,0.824,16.4
112,Austria,1998,97.6,43700.0,77.9,0.828,15.9
113,Austria,1999,97.7,45100.0,78.2,0.834,15.7
114,Austria,2000,97.9,46600.0,78.5,0.838,15.9
115,Austria,2001,98.3,47000.0,78.9,0.849,14.8
116,Austria,2002,98.7,47500.0,79.0,0.838,15.2
117,Austria,2003,99.2,47700.0,79.1,0.842,14.1
118,Austria,2004,99.7,48700.0,79.5,0.849,13.7
119,Austria,2005,100.0,49500.0,79.8,0.855,13.1
120,Austria,2006,101.0,50900.0,80.1,0.861,11.9
121,Austria,2007,101.0,52700.0,80.3,0.881,11.8
122,Austria,2008,101.0,53300.0,80.5,0.884,11.2
123,Austria,2009,102.0,51100.0,80.5,0.886,11.4
124,Austria,2010,102.0,51900.0,80.8,0.895,11.4
125,Austria,2011,103.0,53300.0,81.0,0.897,11.4
126,Austria,2012,103.0,53400.0,81.2,0.899,10.9
127,Austria,2013,104.0,53100.0,81.3,0.896,10.7
128,Austria,2014,105.0,53000.0,81.5,0.904,11.2
129,Austria,2015,105.0,53000.0,81.6,0.906,10.2
130,Bahrain,1990,653.0,38600.0,69.5,0.736,2.3
131,Bahrain,1991,671.0,41800.0,69.5,0.755,2.3
132,Bahrain,1992,688.0,43400.0,69.8,0.756,2.3
133,Bahrain,1993,706.0,47800.0,70.1,0.764,2.3
134,Bahrain,1994,723.0,46500.0,70.3,0.768,2.3
135,Bahrain,1995,742.0,47200.0,70.5,0.775,2.3
136,Bahrain,1996,761.0,47800.0,70.7,0.779,2.3
137,Bahrain,1997,783.0,48000.0,70.9,0.781,2.3
138,Bahrain,1998,807.0,48700.0,71.0,0.784,2.3
139,Bahrain,1999,838.0,49000.0,71.2,0.786,2.3
140,Bahrain,2000,874.0,49400.0,71.7,0.792,2.3
141,Bahrain,2001,918.0,48200.0,73.4,0.792,2.3
142,Bahrain,2002,967.0,47300.0,72.7,0.792,2.3
143,Bahrain,2003,1.02,47500.0,72.2,0.793,2.3
144,Bahrain,2004,1.09,47700.0,72.3,0.792,2.3
145,Bahrain,2005,1.17,47500.0,72.7,0.792,3.96
146,Bahrain,2006,1.26,46900.0,73.0,0.793,2.14
147,Bahrain,2007,1.36,47000.0,73.6,0.796,3.05
148,Bahrain,2008,1.47,46400.0,74.0,0.796,2.86
149,Bahrain,2009,1.56,44800.0,74.5,0.794,2.46
150,Bahrain,2010,1.63,44600.0,75.0,0.796,1.1
151,Bahrain,2011,1.68,44200.0,75.3,0.798,1.38
152,Bahrain,2012,1.71,45000.0,75.7,0.8,2.3
153,Bahrain,2013,1.73,46900.0,76.2,0.807,2.3
154,Bahrain,2014,1.76,48200.0,76.6,0.81,0.541
155,Bahrain,2015,1.81,48100.0,76.8,0.834,2.3
156,Barbados,1990,607.0,14000.0,73.9,0.732,6.5
157,Barbados,1991,609.0,13400.0,74.2,0.733,7.01
158,Barbados,1992,611.0,12600.0,73.9,0.733,5.84
159,Barbados,1993,614.0,12600.0,73.9,0.737,6.23
160,Barbados,1994,616.0,12800.0,73.8,0.743,6.3
161,Barbados,1995,619.0,13000.0,73.9,0.747,6.49
162,Barbados,1996,621.0,13500.0,74.1,0.751,6.395
163,Barbados,1997,624.0,14100.0,74.2,0.757,6.395
164,Barbados,1998,626.0,14500.0,74.5,0.756,6.395
165,Barbados,1999,629.0,14500.0,74.8,0.764,6.395
166,Barbados,2000,631.0,15100.0,74.7,0.771,6.395
167,Barbados,2001,634.0,14700.0,75.2,0.77,6.395
168,Barbados,2002,636.0,14800.0,75.1,0.774,6.395
169,Barbados,2003,638.0,15100.0,74.9,0.778,6.395
170,Barbados,2004,640.0,15200.0,74.9,0.782,6.395
171,Barbados,2005,643.0,15800.0,75.2,0.786,6.395
172,Barbados,2006,645.0,16600.0,75.4,0.791,6.395
173,Barbados,2007,648.0,16900.0,75.5,0.796,6.395
174,Barbados,2008,651.0,16900.0,75.8,0.799,6.395
175,Barbados,2009,654.0,16000.0,76.1,0.801,6.395
176,Barbados,2010,656.0,15600.0,76.2,0.799,6.395
177,Barbados,2011,658.0,15400.0,76.2,0.802,6.395
178,Barbados,2012,660.0,15300.0,76.5,0.811,6.395
179,Barbados,2013,661.0,15100.0,76.5,0.812,6.395
180,Barbados,2014,662.0,15000.0,76.5,0.812,6.395
181,Barbados,2015,664.0,15400.0,76.5,0.812,6.395
182,Belgium,1990,330.0,35600.0,76.2,0.806,15.7
183,Belgium,1991,332.0,36100.0,76.4,0.81,14.9
184,Belgium,1992,333.0,36500.0,76.5,0.825,15.5
185,Belgium,1993,334.0,36000.0,76.6,0.838,17.9
186,Belgium,1994,335.0,37100.0,76.8,0.845,17.7
187,Belgium,1995,336.0,37900.0,77.0,0.851,17.9
188,Belgium,1996,337.0,38300.0,77.3,0.857,16.8
189,Belgium,1997,338.0,39700.0,77.5,0.862,17.9
190,Belgium,1998,338.0,40400.0,77.7,0.866,16.6
191,Belgium,1999,339.0,41700.0,77.8,0.868,15.3
192,Belgium,2000,340.0,43200.0,78.0,0.873,17.6
193,Belgium,2001,341.0,43500.0,78.3,0.876,17.6
194,Belgium,2002,342.0,44000.0,78.5,0.879,16.7
195,Belgium,2003,344.0,44300.0,78.7,0.882,17.0
196,Belgium,2004,346.0,45700.0,79.1,0.885,16.0
197,Belgium,2005,348.0,46500.0,79.3,0.889,15.8
198,Belgium,2006,351.0,47400.0,79.6,0.896,15.2
199,Belgium,2007,353.0,48700.0,79.8,0.899,14.2
200,Belgium,2008,356.0,48600.0,79.9,0.899,15.4
201,Belgium,2009,359.0,47200.0,80.0,0.899,15.3
202,Belgium,2010,361.0,48100.0,80.2,0.903,15.3
203,Belgium,2011,364.0,48300.0,80.4,0.904,15.4
204,Belgium,2012,366.0,48400.0,80.5,0.905,14.8
205,Belgium,2013,368.0,48400.0,80.7,0.908,13.7
206,Belgium,2014,371.0,48900.0,81.0,0.91,13.5
207,Belgium,2015,373.0,49600.0,81.1,0.913,13.3
208,Belize,1990,8.22,4800.0,72.8,0.613,2.47
209,Belize,1991,8.38,5250.0,73.1,0.618,2.17
210,Belize,1992,8.52,5780.0,73.6,0.624,2.3200000000000003
211,Belize,1993,8.66,6040.0,73.5,0.627,0.568
212,Belize,1994,8.84,5930.0,73.2,0.627,2.3200000000000003
213,Belize,1995,9.07,5820.0,72.9,0.627,8.99
214,Belize,1996,9.37,5720.0,72.2,0.627,2.3200000000000003
215,Belize,1997,9.71,5710.0,71.4,0.63,2.3200000000000003
216,Belize,1998,10.1,5700.0,70.6,0.631,2.3200000000000003
217,Belize,1999,10.5,5970.0,70.3,0.636,2.3200000000000003
218,Belize,2000,10.8,6520.0,70.0,0.643,2.3200000000000003
219,Belize,2001,11.2,6620.0,70.6,0.647,2.3200000000000003
220,Belize,2002,11.5,6740.0,71.4,0.655,2.3200000000000003
221,Belize,2003,11.8,7180.0,71.8,0.663,2.3200000000000003
222,Belize,2004,12.1,7330.0,72.0,0.668,2.3200000000000003
223,Belize,2005,12.4,7280.0,72.4,0.666,2.3200000000000003
224,Belize,2006,12.8,7430.0,72.6,0.676,2.3200000000000003
225,Belize,2007,13.1,7280.0,73.1,0.678,2.3200000000000003
226,Belize,2008,13.5,7340.0,73.6,0.683,2.3200000000000003
227,Belize,2009,13.8,7170.0,73.7,0.688,2.3200000000000003
228,Belize,2010,14.1,7210.0,73.6,0.693,2.3200000000000003
229,Belize,2011,14.5,7180.0,73.8,0.699,2.3200000000000003
230,Belize,2012,14.8,7180.0,74.3,0.706,2.3200000000000003
231,Belize,2013,15.2,7110.0,74.3,0.707,2.3200000000000003
232,Belize,2014,15.5,7210.0,74.3,0.71,2.3200000000000003
233,Belize,2015,15.8,7260.0,74.2,0.715,2.3200000000000003
234,Brunei,1990,49.1,71200.0,69.4,0.768,1.38
235,Brunei,1991,50.5,71400.0,69.7,0.773,1.38
236,Brunei,1992,52.0,72700.0,70.0,0.778,1.38
237,Brunei,1993,53.5,70900.0,70.4,0.783,1.38
238,Brunei,1994,54.9,71200.0,71.0,0.788,1.38
239,Brunei,1995,56.4,72400.0,71.5,0.791,1.38
240,Brunei,1996,57.8,72700.0,72.0,0.794,1.38
241,Brunei,1997,59.2,69900.0,72.1,0.797,1.38
242,Brunei,1998,60.6,68000.0,72.2,0.798,1.38
243,Brunei,1999,61.9,68500.0,72.3,0.804,1.38
244,Brunei,2000,63.2,69000.0,72.5,0.805,1.38
245,Brunei,2001,64.5,69500.0,72.8,0.806,1.38
246,Brunei,2002,65.8,70800.0,72.9,0.809,1.38
247,Brunei,2003,67.0,71500.0,72.9,0.815,1.38
248,Brunei,2004,68.2,70600.0,72.9,0.82,1.38
249,Brunei,2005,69.3,69800.0,73.0,0.824,1.38
250,Brunei,2006,70.3,71800.0,73.2,0.827,1.38
251,Brunei,2007,71.2,71100.0,73.5,0.827,1.38
252,Brunei,2008,72.0,68900.0,73.8,0.828,1.38
253,Brunei,2009,72.8,66800.0,73.8,0.831,1.38
254,Brunei,2010,73.7,67800.0,73.8,0.832,1.38
255,Brunei,2011,74.7,69400.0,73.9,0.836,1.05
256,Brunei,2012,75.7,69100.0,74.0,0.843,1.71
257,Brunei,2013,76.7,66700.0,73.9,0.844,1.38
258,Brunei,2014,77.8,64200.0,74.0,0.845,1.38
259,Brunei,2015,78.7,63100.0,74.0,0.843,1.38
260,Bulgaria,1990,81.4,12100.0,70.1,0.694,12.3
261,Bulgaria,1991,80.8,11200.0,70.1,0.691,12.6
262,Bulgaria,1992,79.9,10500.0,69.8,0.691,14.4
263,Bulgaria,1993,79.0,10400.0,69.7,0.69,14.1
264,Bulgaria,1994,78.1,10600.0,69.3,0.691,13.8
265,Bulgaria,1995,77.2,11000.0,69.4,0.697,13.5
266,Bulgaria,1996,76.4,11600.0,69.3,0.703,14.5
267,Bulgaria,1997,75.6,10000.0,68.9,0.704,13.7
268,Bulgaria,1998,75.0,10500.0,69.4,0.71,14.2
269,Bulgaria,1999,74.3,9720.0,70.0,0.709,12.3
270,Bulgaria,2000,73.7,10200.0,70.2,0.712,13.1
271,Bulgaria,2001,73.1,10800.0,70.4,0.722,12.4
272,Bulgaria,2002,72.5,11700.0,70.7,0.729,12.4
273,Bulgaria,2003,71.9,12400.0,70.9,0.738,10.4
274,Bulgaria,2004,71.3,13300.0,71.0,0.745,9.52
275,Bulgaria,2005,70.8,14400.0,71.1,0.75,9.22
276,Bulgaria,2006,70.3,15500.0,71.2,0.756,9.07
277,Bulgaria,2007,69.8,16600.0,71.5,0.764,8.21
278,Bulgaria,2008,69.3,17800.0,71.9,0.771,8.73
279,Bulgaria,2009,68.8,17300.0,72.1,0.774,8.01
280,Bulgaria,2010,68.4,17500.0,72.3,0.779,7.93
281,Bulgaria,2011,68.0,18000.0,72.7,0.782,7.48
282,Bulgaria,2012,67.6,18200.0,73.0,0.786,8.38
283,Bulgaria,2013,67.2,18400.0,73.3,0.792,7.0
284,Bulgaria,2014,66.7,18800.0,73.0,0.797,6.85
285,Bulgaria,2015,66.3,19700.0,73.2,0.807,12.3
286,Canada,1990,3.03,34600.0,77.4,0.85,11.9
287,Canada,1991,3.07,33500.0,77.6,0.853,12.3
288,Canada,1992,3.1,33400.0,77.8,0.856,12.2
289,Canada,1993,3.14,33900.0,77.8,0.854,12.2
290,Canada,1994,3.17,35100.0,78.0,0.859,11.9
291,Canada,1995,3.21,35600.0,78.1,0.861,12.5
292,Canada,1996,3.24,35800.0,78.4,0.863,12.3
293,Canada,1997,3.27,34100.0,78.6,0.863,11.3
294,Canada,1998,3.3,34800.0,78.8,0.861,11.3
295,Canada,1999,3.33,35900.0,79.1,0.864,12.1
296,Canada,2000,3.36,37300.0,79.4,0.868,10.7
297,Canada,2001,3.4,37400.0,79.6,0.872,10.8
298,Canada,2002,3.43,38300.0,79.8,0.877,10.5
299,Canada,2003,3.46,39400.0,80.0,0.882,10.6
300,Canada,2004,3.5,40500.0,80.2,0.887,10.1
301,Canada,2005,3.54,42100.0,80.4,0.892,10.2
302,Canada,2006,3.58,43500.0,80.7,0.895,11.600000000000001
303,Canada,2007,3.62,46000.0,80.9,0.891,11.600000000000001
304,Canada,2008,3.67,46000.0,81.1,0.893,11.600000000000001
305,Canada,2009,3.71,44100.0,81.4,0.893,11.600000000000001
306,Canada,2010,3.76,45000.0,81.6,0.895,11.600000000000001
307,Canada,2011,3.8,45900.0,81.9,0.899,11.600000000000001
308,Canada,2012,3.84,46200.0,82.0,0.906,11.600000000000001
309,Canada,2013,3.88,46800.0,82.1,0.91,11.600000000000001
310,Canada,2014,3.92,47700.0,82.2,0.914,11.600000000000001
311,Canada,2015,3.96,47600.0,82.3,0.917,11.600000000000001
312,Chile,1990,17.9,9880.0,73.4,0.703,6.14
313,Chile,1991,18.2,10500.0,74.2,0.712,6.34
314,Chile,1992,18.5,11500.0,74.7,0.719,5.13
315,Chile,1993,18.8,12000.0,75.0,0.712,5.75
316,Chile,1994,19.1,12400.0,75.2,0.717,6.05
317,Chile,1995,19.3,13300.0,75.3,0.725,6.05
318,Chile,1996,19.6,14000.0,75.5,0.732,6.05
319,Chile,1997,19.9,14900.0,76.0,0.739,6.05
320,Chile,1998,20.1,15300.0,76.2,0.741,6.05
321,Chile,1999,20.4,15100.0,76.5,0.747,6.05
322,Chile,2000,20.6,15700.0,76.9,0.753,6.05
323,Chile,2001,20.9,16000.0,77.0,0.764,6.05
324,Chile,2002,21.1,16300.0,77.4,0.767,6.05
325,Chile,2003,21.3,16800.0,77.4,0.773,6.05
326,Chile,2004,21.5,17900.0,77.6,0.782,6.05
327,Chile,2005,21.8,18700.0,77.9,0.788,6.05
328,Chile,2006,22.0,19700.0,78.2,0.787,6.05
329,Chile,2007,22.2,20400.0,78.4,0.801,6.05
330,Chile,2008,22.5,20900.0,78.7,0.811,6.05
331,Chile,2009,22.7,20400.0,78.6,0.819,6.05
332,Chile,2010,22.9,21300.0,78.6,0.8,6.05
333,Chile,2011,23.2,22400.0,79.0,0.812,6.05
334,Chile,2012,23.4,23400.0,79.2,0.818,6.05
335,Chile,2013,23.6,24100.0,79.3,0.83,6.05
336,Chile,2014,23.9,24200.0,79.5,0.834,6.05
337,Chile,2015,24.2,24500.0,79.6,0.839,6.05
338,Colombia,1990,29.8,8340.0,71.5,0.6,3.49
339,Colombia,1991,30.4,8340.0,71.0,0.603,3.49
340,Colombia,1992,31.0,8510.0,71.1,0.613,3.49
341,Colombia,1993,31.6,8790.0,71.7,0.621,3.47
342,Colombia,1994,32.2,9130.0,72.1,0.628,3.73
343,Colombia,1995,32.8,9430.0,72.5,0.633,3.49
344,Colombia,1996,33.4,9460.0,72.8,0.643,3.49
345,Colombia,1997,34.0,9610.0,73.5,0.651,3.49
346,Colombia,1998,34.6,9510.0,74.0,0.658,3.49
347,Colombia,1999,35.2,8960.0,74.1,0.658,3.49
348,Colombia,2000,35.7,9070.0,74.2,0.662,3.49
349,Colombia,2001,36.3,9080.0,74.4,0.664,3.49
350,Colombia,2002,36.8,9170.0,73.4,0.667,3.49
351,Colombia,2003,37.4,9390.0,75.2,0.666,3.49
352,Colombia,2004,37.9,9750.0,75.6,0.68,3.49
353,Colombia,2005,38.4,10100.0,76.5,0.693,3.49
354,Colombia,2006,38.9,10600.0,76.7,0.7,3.49
355,Colombia,2007,39.4,11200.0,77.3,0.713,3.49
356,Colombia,2008,39.9,11400.0,77.6,0.72,3.49
357,Colombia,2009,40.3,11400.0,77.5,0.724,3.49
358,Colombia,2010,40.8,11800.0,77.9,0.729,3.49
359,Colombia,2011,41.2,12500.0,78.7,0.735,3.49
360,Colombia,2012,41.5,12900.0,79.0,0.736,3.49
361,Colombia,2013,41.9,13400.0,79.3,0.746,3.49
362,Colombia,2014,42.3,13900.0,79.7,0.75,3.49
363,Colombia,2015,42.8,14100.0,79.7,0.753,3.49
364,Costa Rica,1990,61.1,9870.0,76.9,0.655,6.12
365,Costa Rica,1991,62.7,9830.0,76.9,0.661,4.76
366,Costa Rica,1992,64.4,10500.0,76.9,0.67,5.43
367,Costa Rica,1993,66.0,10900.0,77.1,0.676,5.99
368,Costa Rica,1994,67.7,11100.0,76.8,0.682,5.6
369,Costa Rica,1995,69.4,11300.0,76.5,0.687,6.54
370,Costa Rica,1996,71.1,11200.0,77.1,0.69,5.795
371,Costa Rica,1997,72.8,11500.0,77.2,0.696,5.795
372,Costa Rica,1998,74.5,12000.0,77.4,0.702,5.795
373,Costa Rica,1999,76.1,12200.0,77.3,0.706,5.795
374,Costa Rica,2000,77.6,12500.0,77.9,0.711,5.795
375,Costa Rica,2001,79.0,12700.0,77.9,0.714,5.795
376,Costa Rica,2002,80.3,12900.0,78.4,0.717,5.795
377,Costa Rica,2003,81.6,13200.0,78.5,0.72,5.795
378,Costa Rica,2004,82.7,13600.0,78.6,0.724,5.795
379,Costa Rica,2005,83.9,13900.0,79.4,0.728,5.795
380,Costa Rica,2006,85.1,14700.0,79.1,0.734,5.795
381,Costa Rica,2007,86.3,15700.0,80.3,0.742,5.795
382,Costa Rica,2008,87.4,16200.0,80.3,0.75,5.795
383,Costa Rica,2009,88.5,15900.0,80.6,0.751,5.795
384,Costa Rica,2010,89.6,16400.0,79.5,0.754,5.795
385,Costa Rica,2011,90.7,16900.0,80.2,0.768,5.795
386,Costa Rica,2012,91.8,17600.0,80.3,0.774,5.795
387,Costa Rica,2013,92.9,17700.0,80.4,0.777,5.795
388,Costa Rica,2014,93.9,18200.0,80.5,0.785,5.795
389,Costa Rica,2015,94.9,18600.0,80.2,0.786,5.795
390,Croatia,1990,85.4,18400.0,72.5,0.67,19.8
391,Croatia,1991,85.1,14800.0,72.0,0.665,19.3
392,Croatia,1992,84.6,13500.0,72.4,0.665,20.6
393,Croatia,1993,83.9,12700.0,72.7,0.667,19.4
394,Croatia,1994,83.2,13700.0,73.3,0.681,19.1
395,Croatia,1995,82.5,15100.0,73.0,0.696,16.5
396,Croatia,1996,81.8,16200.0,73.5,0.708,19.2
397,Croatia,1997,81.0,17200.0,73.5,0.72,17.5
398,Croatia,1998,80.3,17700.0,73.8,0.731,19.3
399,Croatia,1999,79.6,17600.0,74.1,0.74,18.6
400,Croatia,2000,79.1,18200.0,74.7,0.749,18.0
401,Croatia,2001,78.8,19500.0,74.9,0.761,15.6
402,Croatia,2002,78.6,20600.0,75.0,0.767,15.2
403,Croatia,2003,78.4,21800.0,75.1,0.773,14.9
404,Croatia,2004,78.3,22700.0,75.6,0.779,14.6
405,Croatia,2005,78.2,23600.0,75.6,0.785,14.8
406,Croatia,2006,78.1,24800.0,76.0,0.794,13.6
407,Croatia,2007,78.0,26000.0,75.9,0.801,12.9
408,Croatia,2008,77.8,26500.0,75.9,0.805,13.0
409,Croatia,2009,77.6,24600.0,76.5,0.804,13.0
410,Croatia,2010,77.3,24400.0,76.8,0.811,12.7
411,Croatia,2011,77.1,24400.0,77.1,0.817,11.4
412,Croatia,2012,76.8,23900.0,77.4,0.82,13.1
413,Croatia,2013,76.4,23800.0,77.8,0.825,12.2
414,Croatia,2014,76.0,23900.0,77.9,0.827,12.3
415,Croatia,2015,75.6,24600.0,77.7,0.83,12.2
416,Cuba,1990,99.6,5420.0,75.0,0.676,19.9
417,Cuba,1991,100.0,4580.0,75.2,0.67,19.9
418,Cuba,1992,101.0,3910.0,75.2,0.663,20.7
419,Cuba,1993,101.0,3060.0,75.1,0.656,21.1
420,Cuba,1994,102.0,3090.0,75.1,0.652,19.9
421,Cuba,1995,102.0,3290.0,75.4,0.654,19.1
422,Cuba,1996,103.0,3740.0,75.8,0.665,17.2
423,Cuba,1997,103.0,3940.0,76.2,0.669,19.9
424,Cuba,1998,104.0,3930.0,76.3,0.672,19.9
425,Cuba,1999,104.0,4170.0,76.6,0.679,19.9
426,Cuba,2000,105.0,4610.0,77.0,0.686,19.9
427,Cuba,2001,105.0,4870.0,77.2,0.692,19.9
428,Cuba,2002,105.0,5030.0,77.9,0.693,19.9
429,Cuba,2003,105.0,5180.0,77.8,0.704,19.9
430,Cuba,2004,106.0,5250.0,77.8,0.718,19.9
431,Cuba,2005,106.0,5420.0,77.7,0.73,19.9
432,Cuba,2006,106.0,6230.0,78.4,0.752,19.9
433,Cuba,2007,106.0,6480.0,78.5,0.768,19.9
434,Cuba,2008,106.0,6910.0,78.4,0.778,19.9
435,Cuba,2009,105.0,7190.0,78.5,0.78,19.9
436,Cuba,2010,105.0,7570.0,78.5,0.776,19.9
437,Cuba,2011,106.0,7970.0,79.1,0.775,19.9
438,Cuba,2012,106.0,8210.0,78.8,0.764,19.9
439,Cuba,2013,106.0,8490.0,78.8,0.762,19.9
440,Cuba,2014,106.0,8770.0,78.7,0.764,19.9
441,Cuba,2015,106.0,9070.0,78.4,0.768,19.9
442,Cyprus,1990,83.0,25200.0,75.1,0.731,3.6799999999999997
443,Cyprus,1991,84.8,24700.0,75.0,0.733,3.6799999999999997
444,Cyprus,1992,86.6,26300.0,75.1,0.738,3.6799999999999997
445,Cyprus,1993,88.6,25900.0,75.2,0.775,3.6799999999999997
446,Cyprus,1994,90.6,26900.0,75.4,0.779,3.6799999999999997
447,Cyprus,1995,92.6,28600.0,75.5,0.783,3.6799999999999997
448,Cyprus,1996,94.5,28500.0,75.8,0.786,3.6799999999999997
449,Cyprus,1997,96.4,28800.0,75.9,0.789,3.6799999999999997
450,Cyprus,1998,98.3,30200.0,76.0,0.797,3.6799999999999997
451,Cyprus,1999,100.0,31400.0,76.3,0.797,3.6799999999999997
452,Cyprus,2000,102.0,32900.0,76.7,0.799,3.6799999999999997
453,Cyprus,2001,104.0,33800.0,77.1,0.805,3.6799999999999997
454,Cyprus,2002,106.0,34700.0,77.3,0.814,3.6799999999999997
455,Cyprus,2003,108.0,35200.0,77.7,0.822,3.6799999999999997
456,Cyprus,2004,109.0,36400.0,77.9,0.826,0.865
457,Cyprus,2005,111.0,37700.0,77.9,0.83,2.06
458,Cyprus,2006,113.0,38800.0,78.2,0.836,2.29
459,Cyprus,2007,115.0,39900.0,78.3,0.844,2.18
460,Cyprus,2008,117.0,40300.0,78.8,0.852,4.73
461,Cyprus,2009,119.0,38500.0,79.1,0.854,3.48
462,Cyprus,2010,120.0,38200.0,79.5,0.85,4.05
463,Cyprus,2011,122.0,37400.0,79.8,0.853,2.95
464,Cyprus,2012,123.0,35600.0,80.1,0.852,3.88
465,Cyprus,2013,124.0,33300.0,80.3,0.854,4.59
466,Cyprus,2014,125.0,33100.0,80.4,0.856,4.6
467,Cyprus,2015,126.0,34400.0,80.5,0.864,4.19
468,Czech Republic,1990,134.0,23700.0,71.6,0.73,16.7
469,Czech Republic,1991,134.0,21000.0,72.1,0.726,16.1
470,Czech Republic,1992,134.0,20800.0,72.4,0.728,16.6
471,Czech Republic,1993,134.0,20800.0,73.0,0.735,16.1
472,Czech Republic,1994,134.0,21400.0,73.2,0.744,15.4
473,Czech Republic,1995,134.0,22800.0,73.4,0.753,14.5
474,Czech Republic,1996,134.0,23800.0,74.0,0.767,12.9
475,Czech Republic,1997,134.0,23700.0,74.1,0.774,13.6
476,Czech Republic,1998,134.0,23700.0,74.7,0.775,13.2
477,Czech Republic,1999,133.0,24000.0,75.0,0.784,13.0
478,Czech Republic,2000,133.0,25100.0,75.2,0.796,13.3
479,Czech Republic,2001,133.0,25900.0,75.5,0.806,13.0
480,Czech Republic,2002,133.0,26400.0,75.7,0.813,12.3
481,Czech Republic,2003,133.0,27300.0,75.6,0.822,13.7
482,Czech Republic,2004,133.0,28600.0,76.1,0.825,12.6
483,Czech Republic,2005,133.0,30500.0,76.4,0.835,12.4
484,Czech Republic,2006,133.0,32500.0,77.0,0.843,10.9
485,Czech Republic,2007,134.0,34100.0,77.2,0.85,10.7
486,Czech Republic,2008,135.0,34700.0,77.3,0.854,10.6
487,Czech Republic,2009,136.0,32900.0,77.6,0.857,11.1
488,Czech Republic,2010,136.0,33600.0,77.8,0.862,11.4
489,Czech Republic,2011,137.0,34100.0,78.0,0.865,12.2
490,Czech Republic,2012,137.0,33800.0,78.3,0.865,12.4
491,Czech Republic,2013,137.0,33800.0,78.5,0.874,12.2
492,Czech Republic,2014,137.0,34500.0,79.0,0.879,11.2
493,Czech Republic,2015,137.0,36300.0,79.0,0.882,10.2
494,Denmark,1990,121.0,39200.0,75.2,0.799,19.6
495,Denmark,1991,121.0,39600.0,75.4,0.804,18.3
496,Denmark,1992,122.0,40200.0,75.5,0.809,17.7
497,Denmark,1993,122.0,40100.0,75.5,0.815,17.8
498,Denmark,1994,123.0,42100.0,75.5,0.824,15.2
499,Denmark,1995,123.0,43200.0,75.6,0.831,14.2
500,Denmark,1996,124.0,44200.0,75.9,0.837,13.6
501,Denmark,1997,124.0,45400.0,76.3,0.843,12.5
502,Denmark,1998,125.0,46200.0,76.7,0.849,11.7
503,Denmark,1999,125.0,47500.0,76.7,0.861,11.9
504,Denmark,2000,126.0,49100.0,77.2,0.863,11.0
505,Denmark,2001,126.0,49300.0,77.3,0.876,10.7
506,Denmark,2002,127.0,49400.0,77.4,0.883,10.2
507,Denmark,2003,127.0,49400.0,77.7,0.894,9.33
508,Denmark,2004,127.0,50600.0,78.0,0.898,10.1
509,Denmark,2005,128.0,51600.0,78.3,0.903,8.97
510,Denmark,2006,128.0,53500.0,78.5,0.905,9.31
511,Denmark,2007,129.0,53700.0,78.7,0.904,8.4
512,Denmark,2008,130.0,53200.0,79.0,0.909,8.74
513,Denmark,2009,130.0,50300.0,79.2,0.906,8.69
514,Denmark,2010,131.0,51000.0,79.5,0.91,7.86
515,Denmark,2011,132.0,51500.0,79.9,0.922,8.37
516,Denmark,2012,132.0,51400.0,80.3,0.924,9.22
517,Denmark,2013,133.0,51600.0,80.5,0.926,8.37
518,Denmark,2014,133.0,52200.0,80.8,0.928,8.69
519,Denmark,2015,134.0,53100.0,81.0,0.926,7.59
520,Ecuador,1990,41.2,8290.0,72.0,0.642,5.2
521,Ecuador,1991,42.2,8450.0,71.5,0.645,5.2
522,Ecuador,1992,43.1,8430.0,72.1,0.649,5.2
523,Ecuador,1993,44.1,8410.0,72.5,0.653,5.2
524,Ecuador,1994,45.1,8570.0,73.2,0.657,5.2
525,Ecuador,1995,46.1,8580.0,73.6,0.661,5.2
526,Ecuador,1996,47.1,8540.0,73.5,0.663,5.2
527,Ecuador,1997,48.1,8720.0,74.2,0.667,5.2
528,Ecuador,1998,49.1,8830.0,74.1,0.67,5.2
529,Ecuador,1999,50.1,8240.0,74.2,0.667,5.2
530,Ecuador,2000,51.1,8180.0,74.5,0.669,5.2
531,Ecuador,2001,52.0,8350.0,75.0,0.674,5.2
532,Ecuador,2002,52.9,8540.0,74.1,0.679,5.2
533,Ecuador,2003,53.8,8630.0,73.9,0.682,5.2
534,Ecuador,2004,54.7,9180.0,73.9,0.687,5.2
535,Ecuador,2005,55.7,9500.0,73.6,0.692,5.2
536,Ecuador,2006,56.6,9760.0,73.6,0.695,5.2
537,Ecuador,2007,57.6,9810.0,73.7,0.706,5.2
538,Ecuador,2008,58.5,10300.0,73.8,0.711,5.2
539,Ecuador,2009,59.5,10100.0,74.1,0.712,5.2
540,Ecuador,2010,60.4,10300.0,74.3,0.716,5.2
541,Ecuador,2011,61.4,11000.0,74.9,0.742,5.2
542,Ecuador,2012,62.3,11400.0,74.9,0.74,5.2
543,Ecuador,2013,63.2,11800.0,75.2,0.751,5.2
544,Ecuador,2014,64.2,12100.0,75.6,0.75,5.2
545,Ecuador,2015,65.3,11900.0,75.9,0.758,5.2
546,Egypt,1990,56.4,6090.0,63.9,0.546,0.0669
547,Egypt,1991,57.7,6020.0,64.5,0.551,0.0669
548,Egypt,1992,58.9,6150.0,65.2,0.557,0.0669
549,Egypt,1993,60.2,6200.0,65.4,0.563,0.0669
550,Egypt,1994,61.4,6320.0,65.7,0.569,0.0669
551,Egypt,1995,62.6,6480.0,66.4,0.576,0.0669
552,Egypt,1996,63.9,6670.0,66.9,0.584,0.0669
553,Egypt,1997,65.2,6900.0,67.2,0.591,0.0669
554,Egypt,1998,66.5,7140.0,67.5,0.592,0.0669
555,Egypt,1999,67.8,7420.0,67.9,0.605,0.0669
556,Egypt,2000,69.1,7750.0,68.5,0.611,0.0669
557,Egypt,2001,70.5,7870.0,68.3,0.616,0.0669
558,Egypt,2002,71.8,7910.0,68.3,0.621,0.0669
559,Egypt,2003,73.2,8010.0,68.2,0.623,0.0669
560,Egypt,2004,74.5,8180.0,68.5,0.629,0.0906
561,Egypt,2005,75.9,8400.0,68.8,0.635,0.0926
562,Egypt,2006,77.2,8810.0,68.9,0.643,0.0628
563,Egypt,2007,78.6,9280.0,69.2,0.651,0.0454
564,Egypt,2008,80.0,9760.0,69.3,0.659,0.0669
565,Egypt,2009,81.5,10000.0,69.3,0.66,0.0669
566,Egypt,2010,83.1,10300.0,69.4,0.666,0.0669
567,Egypt,2011,84.9,10300.0,69.6,0.669,0.0669
568,Egypt,2012,86.8,10300.0,69.7,0.676,0.0669
569,Egypt,2013,88.8,10300.0,70.1,0.681,0.0669
570,Egypt,2014,90.8,10400.0,70.3,0.683,0.103
571,Egypt,2015,92.9,10600.0,69.9,0.69,0.0578
572,El Salvador,1990,254.0,5270.0,69.8,0.529,8.675
573,El Salvador,1991,258.0,5270.0,70.1,0.533,8.675
574,El Salvador,1992,261.0,5560.0,70.8,0.544,8.93
575,El Salvador,1993,265.0,5810.0,70.9,0.555,8.42
576,El Salvador,1994,268.0,6000.0,70.9,0.564,8.675
577,El Salvador,1995,272.0,6210.0,71.6,0.573,8.675
578,El Salvador,1996,275.0,6200.0,72.2,0.581,8.675
579,El Salvador,1997,277.0,6330.0,72.1,0.59,8.675
580,El Salvador,1998,280.0,6440.0,71.4,0.598,8.675
581,El Salvador,1999,282.0,6520.0,72.8,0.6,8.675
582,El Salvador,2000,284.0,6550.0,73.1,0.608,8.675
583,El Salvador,2001,286.0,6560.0,73.0,0.612,8.675
584,El Salvador,2002,288.0,6630.0,74.3,0.619,8.675
585,El Salvador,2003,289.0,6700.0,73.9,0.625,8.675
586,El Salvador,2004,291.0,6720.0,73.6,0.631,8.675
587,El Salvador,2005,292.0,6870.0,73.6,0.637,8.675
588,El Salvador,2006,293.0,7140.0,73.7,0.645,8.675
589,El Salvador,2007,295.0,7240.0,74.1,0.644,8.675
590,El Salvador,2008,296.0,7390.0,74.7,0.647,8.675
591,El Salvador,2009,297.0,7210.0,74.1,0.647,8.675
592,El Salvador,2010,298.0,7330.0,75.2,0.659,8.675
593,El Salvador,2011,300.0,7580.0,75.1,0.656,8.675
594,El Salvador,2012,301.0,7760.0,74.5,0.66,8.675
595,El Salvador,2013,302.0,7890.0,74.3,0.662,8.675
596,El Salvador,2014,304.0,7990.0,73.5,0.66,8.675
597,El Salvador,2015,305.0,8140.0,73.4,0.66,8.675
598,Estonia,1990,36.9,16800.0,70.0,0.73,25.0
599,Estonia,1991,36.5,15100.0,69.5,0.725,24.5
600,Estonia,1992,35.9,13000.0,69.5,0.716,29.4
601,Estonia,1993,35.1,11900.0,68.3,0.709,34.9
602,Estonia,1994,34.4,12000.0,66.8,0.713,37.7
603,Estonia,1995,33.8,12800.0,68.0,0.724,36.7
604,Estonia,1996,33.4,13600.0,70.0,0.734,34.3
605,Estonia,1997,33.3,15600.0,70.3,0.747,32.9
606,Estonia,1998,33.2,16400.0,69.9,0.759,30.2
607,Estonia,1999,33.1,16300.0,70.7,0.766,29.5
608,Estonia,2000,33.0,17800.0,71.0,0.78,23.2
609,Estonia,2001,32.8,19000.0,70.8,0.79,25.0
610,Estonia,2002,32.6,20400.0,71.4,0.799,23.3
611,Estonia,2003,32.4,22100.0,72.1,0.806,21.2
612,Estonia,2004,32.2,23800.0,72.5,0.814,20.4
613,Estonia,2005,32.0,26200.0,73.0,0.825,16.8
614,Estonia,2006,31.8,28900.0,73.3,0.832,14.7
615,Estonia,2007,31.7,31200.0,73.3,0.839,15.2
616,Estonia,2008,31.6,29700.0,74.4,0.841,15.2
617,Estonia,2009,31.5,25500.0,75.2,0.838,16.2
618,Estonia,2010,31.4,26200.0,76.3,0.844,13.6
619,Estonia,2011,31.3,28200.0,76.3,0.853,13.1
620,Estonia,2012,31.2,29200.0,76.5,0.859,13.9
621,Estonia,2013,31.1,29700.0,77.2,0.863,12.6
622,Estonia,2014,31.1,30700.0,77.3,0.865,15.2
623,Estonia,2015,31.0,31200.0,77.8,0.871,12.4
624,Finland,1990,16.4,33000.0,75.4,0.784,27.5
625,Finland,1991,16.5,30900.0,75.7,0.787,26.8
626,Finland,1992,16.6,29700.0,76.0,0.795,26.0
627,Finland,1993,16.7,29300.0,76.3,0.799,24.7
628,Finland,1994,16.8,30400.0,76.8,0.809,24.9
629,Finland,1995,16.8,31500.0,76.9,0.816,24.5
630,Finland,1996,16.9,32600.0,77.2,0.823,21.9
631,Finland,1997,17.0,34500.0,77.3,0.832,23.2
632,Finland,1998,17.0,36300.0,77.6,0.84,21.1
633,Finland,1999,17.0,37800.0,77.8,0.848,21.0
634,Finland,2000,17.1,39900.0,78.0,0.858,20.2
635,Finland,2001,17.1,40900.0,78.4,0.864,20.5
636,Finland,2002,17.2,41500.0,78.6,0.867,18.5
637,Finland,2003,17.2,42200.0,78.8,0.87,18.1
638,Finland,2004,17.3,43800.0,79.0,0.891,18.1
639,Finland,2005,17.3,44800.0,79.3,0.895,16.2
640,Finland,2006,17.4,46500.0,79.6,0.899,17.6
641,Finland,2007,17.4,48700.0,79.7,0.901,16.3
642,Finland,2008,17.5,48900.0,80.0,0.904,17.1
643,Finland,2009,17.6,44700.0,80.2,0.899,17.0
644,Finland,2010,17.7,45900.0,80.4,0.903,15.8
645,Finland,2011,17.7,46900.0,80.7,0.907,14.8
646,Finland,2012,17.8,46000.0,80.9,0.908,14.1
647,Finland,2013,17.9,45400.0,81.2,0.916,14.3
648,Finland,2014,18.0,45000.0,81.4,0.918,12.7
649,Finland,2015,18.0,45100.0,81.7,0.919,18.5
650,France,1990,103.0,33800.0,77.2,0.78,16.8
651,France,1991,104.0,34000.0,77.4,0.79,16.9
652,France,1992,104.0,34400.0,77.6,0.798,17.0
653,France,1993,105.0,34000.0,77.8,0.804,17.9
654,France,1994,105.0,34700.0,78.0,0.818,17.4
655,France,1995,106.0,35300.0,78.2,0.825,16.8
656,France,1996,106.0,35700.0,78.4,0.83,16.0
657,France,1997,106.0,36400.0,78.7,0.834,15.6
658,France,1998,107.0,37500.0,78.8,0.839,14.8
659,France,1999,107.0,38600.0,78.9,0.844,14.4
660,France,2000,108.0,39900.0,79.2,0.842,15.0
661,France,2001,108.0,40400.0,79.3,0.845,14.5
662,France,2002,109.0,40500.0,79.5,0.845,14.6
663,France,2003,110.0,40600.0,79.7,0.848,14.8
664,France,2004,111.0,41400.0,80.3,0.852,14.5
665,France,2005,112.0,41800.0,80.6,0.86,14.1
666,France,2006,112.0,42500.0,80.8,0.865,13.6
667,France,2007,113.0,43300.0,81.1,0.867,13.0
668,France,2008,114.0,43100.0,81.2,0.869,13.2
669,France,2009,114.0,41700.0,81.4,0.869,13.3
670,France,2010,115.0,42300.0,81.6,0.872,13.1
671,France,2011,115.0,43000.0,81.8,0.876,12.9
672,France,2012,116.0,42900.0,82.0,0.878,11.9
673,France,2013,117.0,43000.0,82.3,0.882,11.7
674,France,2014,117.0,43200.0,82.6,0.887,10.7
675,France,2015,118.0,43500.0,82.5,0.888,14.5
676,Germany,1990,227.0,36800.0,75.7,0.801,13.7
677,Germany,1991,228.0,38400.0,75.8,0.809,13.7
678,Germany,1992,229.0,38800.0,76.2,0.814,13.0
679,Germany,1993,231.0,38200.0,76.3,0.824,12.2
680,Germany,1994,232.0,38900.0,76.6,0.829,12.3
681,Germany,1995,233.0,39400.0,76.9,0.834,12.4
682,Germany,1996,233.0,39600.0,77.1,0.839,11.8
683,Germany,1997,234.0,40300.0,77.5,0.844,11.7
684,Germany,1998,234.0,41100.0,77.8,0.853,11.2
685,Germany,1999,234.0,41800.0,78.1,0.861,10.6
686,Germany,2000,234.0,43000.0,78.4,0.869,10.4
687,Germany,2001,234.0,43700.0,78.7,0.876,10.4
688,Germany,2002,234.0,43500.0,78.8,0.883,10.3
689,Germany,2003,234.0,43200.0,78.9,0.889,10.2
690,Germany,2004,234.0,43700.0,79.3,0.899,9.72
691,Germany,2005,234.0,44000.0,79.6,0.9,9.21
692,Germany,2006,234.0,45800.0,79.9,0.91,8.64
693,Germany,2007,233.0,47200.0,80.0,0.914,8.29
694,Germany,2008,233.0,47700.0,80.2,0.916,8.35
695,Germany,2009,232.0,45100.0,80.3,0.916,8.4
696,Germany,2010,232.0,47100.0,80.5,0.92,8.84
697,Germany,2011,232.0,49800.0,80.7,0.925,8.77
698,Germany,2012,232.0,50000.0,80.8,0.927,8.5
699,Germany,2013,233.0,50000.0,80.8,0.927,8.71
700,Germany,2014,234.0,50900.0,81.0,0.93,8.76
701,Germany,2015,235.0,51200.0,80.9,0.933,8.53
702,Greece,1990,79.3,24600.0,77.2,0.753,2.95
703,Greece,1991,80.0,25000.0,77.3,0.763,3.07
704,Greece,1992,80.8,25000.0,77.4,0.764,2.77
705,Greece,1993,81.7,24500.0,77.6,0.762,3.29
706,Greece,1994,82.6,24800.0,77.7,0.766,2.78
707,Greece,1995,83.4,25200.0,77.8,0.768,2.92
708,Greece,1996,84.0,25900.0,77.9,0.772,2.75
709,Greece,1997,84.6,26900.0,78.1,0.777,2.97
710,Greece,1998,85.1,27800.0,78.2,0.787,3.03
711,Greece,1999,85.6,28500.0,78.2,0.789,2.89
712,Greece,2000,86.0,29500.0,78.4,0.796,2.91
713,Greece,2001,86.4,30600.0,78.7,0.806,2.5
714,Greece,2002,86.8,31700.0,78.9,0.818,2.29
715,Greece,2003,87.0,33400.0,79.1,0.825,2.78
716,Greece,2004,87.2,35000.0,79.2,0.835,2.52
717,Greece,2005,87.1,35100.0,79.4,0.845,2.82
718,Greece,2006,86.8,37000.0,79.7,0.851,2.76
719,Greece,2007,86.3,38100.0,79.6,0.849,2.39
720,Greece,2008,85.7,37900.0,80.0,0.857,2.56
721,Greece,2009,85.0,36200.0,80.2,0.859,2.72
722,Greece,2010,84.5,34100.0,80.4,0.857,2.57
723,Greece,2011,84.0,31100.0,80.5,0.853,3.37
724,Greece,2012,83.6,29000.0,80.6,0.856,3.58
725,Greece,2013,83.3,28200.0,80.9,0.858,3.86
726,Greece,2014,83.0,28600.0,81.0,0.866,3.96
727,Greece,2015,82.7,28700.0,80.9,0.868,3.69
728,"Hong Kong, China",1990,5.46,28800.0,77.5,0.781,11.2
729,"Hong Kong, China",1991,5.52,30200.0,77.8,0.786,12.2
730,"Hong Kong, China",1992,5.59,31800.0,78.0,0.791,11.9
731,"Hong Kong, China",1993,5.65,33200.0,78.3,0.799,9.42
732,"Hong Kong, China",1994,5.71,34400.0,78.5,0.804,11.3
733,"Hong Kong, China",1995,5.79,34500.0,78.7,0.808,10.6
734,"Hong Kong, China",1996,5.89,34500.0,79.0,0.811,10.8
735,"Hong Kong, China",1997,6.0,35900.0,79.3,0.816,8.79
736,"Hong Kong, China",1998,6.11,33500.0,79.6,0.817,11.5
737,"Hong Kong, China",1999,6.21,34000.0,80.0,0.821,11.4
738,"Hong Kong, China",2000,6.29,36300.0,80.4,0.827,11.5
739,"Hong Kong, China",2001,6.35,36300.0,80.7,0.835,12.6
740,"Hong Kong, China",2002,6.38,36700.0,81.1,0.842,13.1
741,"Hong Kong, China",2003,6.4,37900.0,81.4,0.851,13.6
742,"Hong Kong, China",2004,6.42,40900.0,81.7,0.862,15.4
743,"Hong Kong, China",2005,6.45,43700.0,81.9,0.871,13.4
744,"Hong Kong, China",2006,6.48,46500.0,82.1,0.883,12.1
745,"Hong Kong, China",2007,6.51,49000.0,82.3,0.887,10.5
746,"Hong Kong, China",2008,6.55,49800.0,82.5,0.896,9.98
747,"Hong Kong, China",2009,6.59,48500.0,82.7,0.898,11.4
748,"Hong Kong, China",2010,6.63,51400.0,82.8,0.901,10.9
749,"Hong Kong, China",2011,6.67,53500.0,83.0,0.904,8.78
750,"Hong Kong, China",2012,6.71,53800.0,83.2,0.911,8.8
751,"Hong Kong, China",2013,6.75,55200.0,83.4,0.916,10.7
752,"Hong Kong, China",2014,6.79,56400.0,83.6,0.924,9.48
753,"Hong Kong, China",2015,6.84,57200.0,83.7,0.927,10.0
754,Hungary,1990,115.0,18100.0,69.5,0.704,33.5
755,Hungary,1991,114.0,16500.0,69.5,0.702,32.3
756,Hungary,1992,114.0,16000.0,69.1,0.706,32.5
757,Hungary,1993,114.0,15900.0,69.2,0.72,29.8
758,Hungary,1994,114.0,16400.0,69.6,0.733,29.1
759,Hungary,1995,114.0,16700.0,70.0,0.741,26.6
760,Hungary,1996,114.0,16700.0,70.8,0.746,26.9
761,Hungary,1997,114.0,17300.0,71.0,0.747,25.0
762,Hungary,1998,114.0,18000.0,71.0,0.754,25.8
763,Hungary,1999,113.0,18600.0,71.1,0.761,26.8
764,Hungary,2000,113.0,19500.0,71.9,0.769,26.2
765,Hungary,2001,113.0,20300.0,72.5,0.777,23.2
766,Hungary,2002,112.0,21300.0,72.6,0.784,22.3
767,Hungary,2003,112.0,22300.0,72.7,0.793,21.5
768,Hungary,2004,112.0,23400.0,73.1,0.795,21.3
769,Hungary,2005,111.0,24400.0,73.1,0.802,20.1
770,Hungary,2006,111.0,25500.0,73.5,0.811,18.8
771,Hungary,2007,111.0,25600.0,73.6,0.814,18.4
772,Hungary,2008,110.0,25900.0,74.2,0.818,18.6
773,Hungary,2009,110.0,24200.0,74.4,0.823,19.0
774,Hungary,2010,110.0,24500.0,74.8,0.826,18.7
775,Hungary,2011,109.0,25100.0,75.1,0.823,18.3
776,Hungary,2012,109.0,24800.0,75.4,0.826,17.4
777,Hungary,2013,109.0,25400.0,75.9,0.835,15.3
778,Hungary,2014,108.0,26500.0,76.0,0.833,14.2
779,Hungary,2015,108.0,27600.0,75.9,0.835,13.7
780,Iceland,1990,2.54,34200.0,78.1,0.804,15.7
781,Iceland,1991,2.57,33700.0,78.2,0.817,14.4
782,Iceland,1992,2.6,32200.0,78.5,0.82,10.8
783,Iceland,1993,2.62,32300.0,78.6,0.821,10.1
784,Iceland,1994,2.64,33100.0,78.7,0.826,9.21
785,Iceland,1995,2.67,33000.0,78.4,0.829,9.94
786,Iceland,1996,2.69,34300.0,79.0,0.834,12.1
787,Iceland,1997,2.72,36000.0,79.2,0.841,11.9
788,Iceland,1998,2.75,38100.0,79.5,0.851,10.4
789,Iceland,1999,2.77,39200.0,79.9,0.855,10.9
790,Iceland,2000,2.8,40600.0,80.3,0.861,17.9
791,Iceland,2001,2.82,41600.0,80.6,0.867,12.0
792,Iceland,2002,2.85,41500.0,80.8,0.876,10.2
793,Iceland,2003,2.87,42200.0,81.2,0.882,8.55
794,Iceland,2004,2.9,45100.0,81.4,0.886,11.3
795,Iceland,2005,2.94,47200.0,81.6,0.891,10.5
796,Iceland,2006,2.99,48600.0,81.7,0.893,9.84
797,Iceland,2007,3.04,51800.0,81.9,0.899,11.2
798,Iceland,2008,3.1,51900.0,82.2,0.892,10.8
799,Iceland,2009,3.15,48200.0,82.4,0.891,10.3
800,Iceland,2010,3.2,46600.0,82.6,0.892,13.4
801,Iceland,2011,3.23,47300.0,82.8,0.901,8.09
802,Iceland,2012,3.25,47700.0,82.9,0.908,10.5
803,Iceland,2013,3.26,49200.0,83.2,0.92,13.5
804,Iceland,2014,3.28,49700.0,83.7,0.924,12.2
805,Iceland,2015,3.29,51500.0,83.7,0.927,11.3
806,Ireland,1990,51.0,26400.0,75.0,0.764,9.99
807,Ireland,1991,51.1,26800.0,75.2,0.767,10.1
808,Ireland,1992,51.2,27500.0,75.4,0.772,10.4
809,Ireland,1993,51.5,28100.0,75.5,0.781,9.29
810,Ireland,1994,51.8,29600.0,75.8,0.789,11.0
811,Ireland,1995,52.1,32300.0,75.7,0.795,11.1
812,Ireland,1996,52.5,34400.0,76.0,0.801,11.2
813,Ireland,1997,53.0,37800.0,76.1,0.809,12.5
814,Ireland,1998,53.5,40700.0,76.3,0.841,13.2
815,Ireland,1999,54.2,44400.0,76.4,0.849,11.0
816,Ireland,2000,54.9,48000.0,76.8,0.857,11.8
817,Ireland,2001,55.8,49700.0,77.3,0.863,12.2
818,Ireland,2002,56.7,51800.0,77.8,0.871,10.9
819,Ireland,2003,57.8,52500.0,78.3,0.879,10.8
820,Ireland,2004,58.9,55000.0,78.7,0.888,10.9
821,Ireland,2005,60.1,56900.0,79.1,0.893,10.4
822,Ireland,2006,61.4,58200.0,79.4,0.895,10.1
823,Ireland,2007,62.8,59500.0,79.7,0.899,9.94
824,Ireland,2008,64.1,55700.0,80.0,0.9,10.9
825,Ireland,2009,65.2,52300.0,80.2,0.896,11.3
826,Ireland,2010,66.1,53000.0,80.8,0.89,10.9
827,Ireland,2011,66.6,52900.0,80.8,0.894,11.6
828,Ireland,2012,66.9,52800.0,81.0,0.899,11.3
829,Ireland,2013,67.0,53300.0,81.2,0.908,9.92
830,Ireland,2014,67.2,57400.0,81.5,0.92,10.9
831,Ireland,2015,67.5,71200.0,81.7,0.926,10.9
832,Israel,1990,206.0,23600.0,77.3,0.792,7.0
833,Israel,1991,212.0,24000.0,77.2,0.8,7.69
834,Israel,1992,220.0,24900.0,77.1,0.807,7.78
835,Israel,1993,228.0,25300.0,77.5,0.813,7.29
836,Israel,1994,236.0,26500.0,77.7,0.818,7.97
837,Israel,1995,244.0,28500.0,77.8,0.824,6.61
838,Israel,1996,251.0,29200.0,78.0,0.828,5.38
839,Israel,1997,257.0,29600.0,78.2,0.836,6.46
840,Israel,1998,263.0,30100.0,78.4,0.843,5.37
841,Israel,1999,269.0,30200.0,78.7,0.85,6.08
842,Israel,2000,275.0,31600.0,78.9,0.853,6.26
843,Israel,2001,280.0,30900.0,79.0,0.857,6.15
844,Israel,2002,285.0,30300.0,78.9,0.865,5.89
845,Israel,2003,290.0,30000.0,79.5,0.865,6.36
846,Israel,2004,296.0,30700.0,79.9,0.867,6.09
847,Israel,2005,302.0,31400.0,80.3,0.871,6.09
848,Israel,2006,309.0,32600.0,80.4,0.872,5.29
849,Israel,2007,316.0,33800.0,80.8,0.881,4.59
850,Israel,2008,324.0,34200.0,81.0,0.88,4.77
851,Israel,2009,332.0,33700.0,81.4,0.882,5.44
852,Israel,2010,339.0,35000.0,81.9,0.887,6.31
853,Israel,2011,346.0,36000.0,82.0,0.892,5.18
854,Israel,2012,352.0,36100.0,82.3,0.893,5.44
855,Israel,2013,357.0,36900.0,82.5,0.895,4.57
856,Israel,2014,363.0,37600.0,82.0,0.9,4.66
857,Israel,2015,369.0,37700.0,82.7,0.901,4.07
858,Italy,1990,194.0,36700.0,77.2,0.769,5.98
859,Italy,1991,194.0,37200.0,77.3,0.774,6.05
860,Italy,1992,194.0,37500.0,77.5,0.78,6.25
861,Italy,1993,194.0,37200.0,77.8,0.786,6.41
862,Italy,1994,195.0,38000.0,78.0,0.794,6.18
863,Italy,1995,194.0,39100.0,78.2,0.8,6.16
864,Italy,1996,194.0,39600.0,78.5,0.806,6.35
865,Italy,1997,193.0,40300.0,78.8,0.814,6.27
866,Italy,1998,193.0,41000.0,79.0,0.819,5.95
867,Italy,1999,193.0,41600.0,79.3,0.824,5.44
868,Italy,2000,193.0,43200.0,79.6,0.83,5.43
869,Italy,2001,193.0,44000.0,79.9,0.837,5.3
870,Italy,2002,194.0,44100.0,80.2,0.842,5.34
871,Italy,2003,196.0,43900.0,80.3,0.847,5.23
872,Italy,2004,197.0,44300.0,80.8,0.852,5.09
873,Italy,2005,198.0,44400.0,81.0,0.857,4.78
874,Italy,2006,199.0,45100.0,81.3,0.862,4.57
875,Italy,2007,200.0,45500.0,81.5,0.866,4.63
876,Italy,2008,200.0,44800.0,81.6,0.868,4.81
877,Italy,2009,201.0,42200.0,81.8,0.868,4.8
878,Italy,2010,202.0,42800.0,82.1,0.871,4.8
879,Italy,2011,203.0,43000.0,82.2,0.875,5.07
880,Italy,2012,204.0,41600.0,82.4,0.874,5.26
881,Italy,2013,205.0,40400.0,82.6,0.873,5.2
882,Italy,2014,205.0,40000.0,82.8,0.874,4.97
883,Italy,2015,206.0,40400.0,82.7,0.875,4.69
884,Japan,1990,342.0,32300.0,79.4,0.816,13.4
885,Japan,1991,343.0,33300.0,79.6,0.821,13.1
886,Japan,1992,344.0,33500.0,79.7,0.824,13.5
887,Japan,1993,345.0,33200.0,79.9,0.829,13.1
888,Japan,1994,346.0,33400.0,80.2,0.835,13.3
889,Japan,1995,347.0,34200.0,80.2,0.84,13.4
890,Japan,1996,347.0,35200.0,80.7,0.845,13.7
891,Japan,1997,348.0,35500.0,81.0,0.848,14.4
892,Japan,1998,349.0,35000.0,81.0,0.847,19.3
893,Japan,1999,349.0,34800.0,81.2,0.85,19.0
894,Japan,2000,350.0,35700.0,81.6,0.855,18.2
895,Japan,2001,350.0,35800.0,81.9,0.859,17.6
896,Japan,2002,351.0,35700.0,82.2,0.862,17.9
897,Japan,2003,351.0,36200.0,82.3,0.865,19.5
898,Japan,2004,352.0,37000.0,82.5,0.869,18.4
899,Japan,2005,352.0,37600.0,82.5,0.873,18.8
900,Japan,2006,352.0,38100.0,82.8,0.877,18.4
901,Japan,2007,352.0,38700.0,82.9,0.88,18.8
902,Japan,2008,353.0,38300.0,83.1,0.881,18.8
903,Japan,2009,353.0,36200.0,83.3,0.88,19.1
904,Japan,2010,353.0,37700.0,83.3,0.885,18.3
905,Japan,2011,352.0,37700.0,83.2,0.89,18.2
906,Japan,2012,352.0,38400.0,83.6,0.895,16.6
907,Japan,2013,352.0,39200.0,83.9,0.9,16.3
908,Japan,2014,352.0,39400.0,84.1,0.904,15.5
909,Japan,2015,351.0,39900.0,84.3,0.906,14.5
910,Jordan,1990,40.2,7920.0,71.2,0.616,0.344
911,Jordan,1991,42.4,7640.0,71.4,0.627,0.344
912,Jordan,1992,44.8,8250.0,71.8,0.648,0.344
913,Jordan,1993,47.3,8170.0,71.6,0.659,0.344
914,Jordan,1994,49.7,8170.0,71.7,0.669,0.344
915,Jordan,1995,51.7,8330.0,71.8,0.683,0.344
916,Jordan,1996,53.3,8250.0,71.8,0.685,0.344
917,Jordan,1997,54.6,8320.0,72.0,0.689,0.344
918,Jordan,1998,55.7,8400.0,72.3,0.693,0.344
919,Jordan,1999,56.7,8540.0,72.5,0.696,0.344
920,Jordan,2000,57.7,8740.0,72.9,0.702,0.344
921,Jordan,2001,58.8,9040.0,73.0,0.708,0.344
922,Jordan,2002,59.9,9380.0,73.3,0.706,0.344
923,Jordan,2003,61.2,9560.0,73.8,0.711,0.344
924,Jordan,2004,62.9,10100.0,74.0,0.717,0.344
925,Jordan,2005,64.9,10600.0,74.1,0.729,0.344
926,Jordan,2006,67.5,11000.0,74.5,0.732,0.344
927,Jordan,2007,70.5,11400.0,75.5,0.735,0.344
928,Jordan,2008,73.9,11700.0,76.2,0.736,0.128
929,Jordan,2009,77.6,11700.0,76.7,0.734,0.238
930,Jordan,2010,81.8,11300.0,76.9,0.728,0.344
931,Jordan,2011,86.3,11000.0,77.2,0.725,0.39
932,Jordan,2012,91.1,10700.0,77.5,0.726,0.507
933,Jordan,2013,96.0,10400.0,77.9,0.72,0.344
934,Jordan,2014,100.0,10300.0,78.1,0.72,0.344
935,Jordan,2015,104.0,10100.0,78.2,0.721,0.344
936,Kazakhstan,1990,6.07,13500.0,68.1,0.69,21.0
937,Kazakhstan,1991,6.06,11900.0,67.6,0.684,19.8
938,Kazakhstan,1992,6.04,11300.0,66.7,0.681,21.3
939,Kazakhstan,1993,5.99,10300.0,65.7,0.675,25.3
940,Kazakhstan,1994,5.93,9160.0,64.8,0.667,25.8
941,Kazakhstan,1995,5.87,8550.0,64.0,0.664,30.7
942,Kazakhstan,1996,5.79,8730.0,63.9,0.666,32.0
943,Kazakhstan,1997,5.71,9020.0,64.1,0.669,31.3
944,Kazakhstan,1998,5.63,9000.0,64.5,0.672,30.2
945,Kazakhstan,1999,5.56,9330.0,64.8,0.676,27.9
946,Kazakhstan,2000,5.53,10300.0,64.7,0.685,30.6
947,Kazakhstan,2001,5.52,11700.0,64.7,0.7,30.1
948,Kazakhstan,2002,5.55,12800.0,64.7,0.713,28.8
949,Kazakhstan,2003,5.59,14000.0,64.6,0.725,29.1
950,Kazakhstan,2004,5.65,15200.0,64.6,0.737,27.9
951,Kazakhstan,2005,5.71,16500.0,64.6,0.747,27.9
952,Kazakhstan,2006,5.76,18100.0,64.8,0.754,27.9
953,Kazakhstan,2007,5.82,19500.0,65.3,0.758,27.9
954,Kazakhstan,2008,5.88,19900.0,66.3,0.758,27.9
955,Kazakhstan,2009,5.94,19600.0,67.3,0.762,27.9
956,Kazakhstan,2010,6.02,20800.0,67.6,0.764,27.9
957,Kazakhstan,2011,6.11,22000.0,68.1,0.772,27.9
958,Kazakhstan,2012,6.2,22700.0,68.6,0.782,27.9
959,Kazakhstan,2013,6.31,23700.0,69.4,0.791,20.5
960,Kazakhstan,2014,6.41,24400.0,70.1,0.798,18.0
961,Kazakhstan,2015,6.51,24300.0,70.6,0.806,16.4
962,Kuwait,1990,118.0,31200.0,74.9,0.712,1.3250000000000002
963,Kuwait,1991,114.0,18900.0,72.2,0.673,1.3250000000000002
964,Kuwait,1992,107.0,36600.0,79.5,0.666,1.3250000000000002
965,Kuwait,1993,99.5,52700.0,79.5,0.695,1.15
966,Kuwait,1994,93.1,61000.0,78.7,0.722,1.38
967,Kuwait,1995,90.1,63700.0,78.3,0.748,1.45
968,Kuwait,1996,91.3,63300.0,78.8,0.772,1.47
969,Kuwait,1997,96.0,61700.0,77.8,0.775,1.6
970,Kuwait,1998,103.0,59700.0,78.5,0.781,1.31
971,Kuwait,1999,110.0,55000.0,77.8,0.786,1.49
972,Kuwait,2000,115.0,55000.0,78.1,0.786,1.2
973,Kuwait,2001,118.0,53600.0,79.2,0.785,1.02
974,Kuwait,2002,120.0,54300.0,78.6,0.788,1.46
975,Kuwait,2003,121.0,63000.0,78.9,0.791,1.3250000000000002
976,Kuwait,2004,123.0,68200.0,78.8,0.789,1.3250000000000002
977,Kuwait,2005,127.0,73200.0,78.7,0.783,1.3250000000000002
978,Kuwait,2006,133.0,75200.0,78.8,0.788,1.3250000000000002
979,Kuwait,2007,141.0,75600.0,79.0,0.789,1.14
980,Kuwait,2008,149.0,73000.0,78.1,0.79,0.992
981,Kuwait,2009,158.0,63900.0,78.7,0.792,1.34
982,Kuwait,2010,168.0,58800.0,80.1,0.794,0.857
983,Kuwait,2011,178.0,60900.0,80.9,0.796,0.946
984,Kuwait,2012,188.0,61400.0,81.0,0.8,1.45
985,Kuwait,2013,198.0,59000.0,81.3,0.798,0.926
986,Kuwait,2014,207.0,56600.0,81.6,0.8,1.47
987,Kuwait,2015,215.0,54800.0,81.5,0.807,1.3250000000000002
988,Kyrgyz Republic,1990,22.8,5160.0,67.3,0.618,16.1
989,Kyrgyz Republic,1991,23.0,4670.0,67.2,0.611,15.4
990,Kyrgyz Republic,1992,23.2,3980.0,67.1,0.601,13.8
991,Kyrgyz Republic,1993,23.4,3360.0,66.3,0.588,16.4
992,Kyrgyz Republic,1994,23.6,2690.0,65.5,0.569,16.7
993,Kyrgyz Republic,1995,23.8,2520.0,65.6,0.563,17.2
994,Kyrgyz Republic,1996,24.1,2660.0,66.3,0.568,13.6
995,Kyrgyz Republic,1997,24.5,2880.0,66.8,0.576,13.5
996,Kyrgyz Republic,1998,25.0,2890.0,67.2,0.58,12.9
997,Kyrgyz Republic,1999,25.3,2960.0,67.6,0.587,13.9
998,Kyrgyz Republic,2000,25.7,3080.0,67.2,0.594,12.6
999,Kyrgyz Republic,2001,25.9,3210.0,67.3,0.602,13.0
1000,Kyrgyz Republic,2002,26.0,3180.0,67.2,0.604,13.3
1001,Kyrgyz Republic,2003,26.1,3370.0,67.1,0.611,11.0
1002,Kyrgyz Republic,2004,26.3,3560.0,67.4,0.615,9.78
1003,Kyrgyz Republic,2005,26.5,3520.0,67.4,0.616,9.88
1004,Kyrgyz Republic,2006,26.7,3590.0,67.2,0.621,9.36
1005,Kyrgyz Republic,2007,27.0,3860.0,67.6,0.628,9.73
1006,Kyrgyz Republic,2008,27.4,4140.0,68.3,0.631,9.57
1007,Kyrgyz Republic,2009,27.8,4210.0,69.3,0.635,8.76
1008,Kyrgyz Republic,2010,28.3,4140.0,69.6,0.636,9.73
1009,Kyrgyz Republic,2011,28.8,4340.0,70.3,0.639,9.06
1010,Kyrgyz Republic,2012,29.3,4260.0,70.7,0.649,10.1
1011,Kyrgyz Republic,2013,29.9,4630.0,71.2,0.658,8.3
1012,Kyrgyz Republic,2014,30.5,4720.0,71.6,0.663,8.42
1013,Kyrgyz Republic,2015,31.1,4810.0,71.9,0.666,7.55
1014,Latvia,1990,42.8,17500.0,69.8,0.698,23.4
1015,Latvia,1991,42.6,15200.0,69.4,0.693,25.4
1016,Latvia,1992,42.1,10400.0,68.8,0.671,31.3
1017,Latvia,1993,41.5,9270.0,66.9,0.661,37.9
1018,Latvia,1994,40.9,9550.0,65.7,0.661,36.3
1019,Latvia,1995,40.3,9540.0,66.7,0.673,36.2
1020,Latvia,1996,39.9,9890.0,69.0,0.68,32.7
1021,Latvia,1997,39.4,10900.0,69.7,0.692,31.5
1022,Latvia,1998,39.1,11700.0,69.3,0.705,30.4
1023,Latvia,1999,38.7,12100.0,70.1,0.716,26.9
1024,Latvia,2000,38.3,12900.0,70.7,0.728,27.7
1025,Latvia,2001,37.9,13900.0,70.1,0.745,25.8
1026,Latvia,2002,37.5,15100.0,70.5,0.76,24.9
1027,Latvia,2003,37.1,16500.0,71.0,0.774,22.3
1028,Latvia,2004,36.6,18100.0,71.3,0.788,20.5
1029,Latvia,2005,36.2,20200.0,70.9,0.802,21.0
1030,Latvia,2006,35.8,22900.0,70.5,0.809,18.0
1031,Latvia,2007,35.3,25400.0,70.9,0.818,16.8
1032,Latvia,2008,34.9,24800.0,72.1,0.821,19.8
1033,Latvia,2009,34.5,21600.0,72.9,0.819,19.8
1034,Latvia,2010,34.1,21100.0,73.3,0.817,17.2
1035,Latvia,2011,33.7,22900.0,73.9,0.822,17.1
1036,Latvia,2012,33.3,24100.0,74.2,0.825,17.8
1037,Latvia,2013,32.9,25000.0,74.2,0.834,15.4
1038,Latvia,2014,32.5,25500.0,74.7,0.836,16.0
1039,Latvia,2015,32.1,26700.0,75.1,0.842,15.5
1040,Lithuania,1990,59.0,17400.0,71.4,0.732,24.3
1041,Lithuania,1991,59.0,16500.0,70.5,0.728,29.0
1042,Lithuania,1992,58.8,13000.0,70.4,0.713,32.6
1043,Lithuania,1993,58.6,11000.0,69.0,0.701,39.6
1044,Lithuania,1994,58.2,10000.0,68.5,0.697,43.6
1045,Lithuania,1995,57.9,10700.0,69.0,0.703,43.2
1046,Lithuania,1996,57.5,11300.0,70.3,0.712,44.3
1047,Lithuania,1997,57.1,12300.0,71.2,0.724,42.5
1048,Lithuania,1998,56.7,13400.0,71.5,0.736,40.0
1049,Lithuania,1999,56.3,13300.0,71.9,0.744,40.5
1050,Lithuania,2000,55.9,13900.0,72.2,0.755,42.4
1051,Lithuania,2001,55.4,14900.0,71.7,0.767,39.5
1052,Lithuania,2002,55.0,16100.0,72.0,0.778,40.5
1053,Lithuania,2003,54.5,17900.0,72.0,0.79,37.8
1054,Lithuania,2004,53.9,19300.0,72.0,0.798,36.1
1055,Lithuania,2005,53.4,21100.0,71.3,0.81,34.3
1056,Lithuania,2006,52.7,23100.0,70.9,0.819,27.0
1057,Lithuania,2007,52.0,25900.0,70.6,0.826,27.4
1058,Lithuania,2008,51.3,26900.0,71.4,0.831,30.1
1059,Lithuania,2009,50.5,23100.0,73.0,0.821,30.4
1060,Lithuania,2010,49.8,24000.0,73.2,0.824,27.6
1061,Lithuania,2011,49.2,26100.0,73.7,0.831,28.0
1062,Lithuania,2012,48.6,27400.0,74.0,0.835,25.7
1063,Lithuania,2013,48.0,28700.0,74.0,0.84,30.9
1064,Lithuania,2014,47.4,30000.0,74.6,0.852,26.1
1065,Lithuania,2015,46.8,30800.0,74.7,0.855,25.2
1066,Luxembourg,1990,147.0,67900.0,75.3,0.791,15.2
1067,Luxembourg,1991,149.0,72700.0,75.5,0.798,16.3
1068,Luxembourg,1992,151.0,73100.0,75.8,0.803,12.2
1069,Luxembourg,1993,153.0,75100.0,76.0,0.808,14.3
1070,Luxembourg,1994,155.0,77000.0,76.3,0.812,15.8
1071,Luxembourg,1995,158.0,77000.0,76.6,0.817,13.2
1072,Luxembourg,1996,160.0,77000.0,76.9,0.826,14.5
1073,Luxembourg,1997,162.0,80400.0,77.2,0.835,16.5
1074,Luxembourg,1998,164.0,84200.0,77.5,0.843,12.8
1075,Luxembourg,1999,167.0,90100.0,77.8,0.856,13.9
1076,Luxembourg,2000,168.0,96200.0,78.0,0.86,11.7
1077,Luxembourg,2001,170.0,97500.0,78.4,0.865,13.6
1078,Luxembourg,2002,171.0,100000.0,78.7,0.869,15.5
1079,Luxembourg,2003,173.0,101000.0,79.0,0.87,9.51
1080,Luxembourg,2004,174.0,103000.0,79.2,0.876,11.2
1081,Luxembourg,2005,177.0,104000.0,79.5,0.88,8.8
1082,Luxembourg,2006,180.0,108000.0,79.8,0.884,11.1
1083,Luxembourg,2007,183.0,115000.0,80.2,0.888,13.6
1084,Luxembourg,2008,187.0,112000.0,80.6,0.89,6.84
1085,Luxembourg,2009,192.0,105000.0,80.8,0.885,7.8
1086,Luxembourg,2010,196.0,108000.0,81.0,0.893,8.6
1087,Luxembourg,2011,201.0,108000.0,81.3,0.892,8.41
1088,Luxembourg,2012,205.0,105000.0,81.5,0.892,7.8
1089,Luxembourg,2013,209.0,107000.0,81.7,0.892,5.45
1090,Luxembourg,2014,214.0,109000.0,82.0,0.895,9.85
1091,Luxembourg,2015,219.0,111000.0,82.3,0.899,9.04
1092,Malaysia,1990,54.9,10300.0,71.9,0.644,0.133
1093,Malaysia,1991,56.4,11000.0,72.2,0.652,0.133
1094,Malaysia,1992,57.8,11700.0,72.4,0.661,0.133
1095,Malaysia,1993,59.3,12500.0,72.3,0.668,0.133
1096,Malaysia,1994,60.8,13300.0,72.2,0.676,0.133
1097,Malaysia,1995,62.4,14300.0,71.8,0.683,0.133
1098,Malaysia,1996,64.0,15300.0,72.2,0.695,0.133
1099,Malaysia,1997,65.6,16000.0,72.5,0.706,0.133
1100,Malaysia,1998,67.3,14400.0,72.9,0.709,0.133
1101,Malaysia,1999,69.0,15000.0,72.1,0.715,0.133
1102,Malaysia,2000,70.6,15900.0,73.0,0.724,0.133
1103,Malaysia,2001,72.2,15700.0,73.3,0.722,0.133
1104,Malaysia,2002,73.7,16200.0,73.5,0.724,0.133
1105,Malaysia,2003,75.2,16800.0,73.5,0.731,0.133
1106,Malaysia,2004,76.7,17500.0,73.8,0.734,0.133
1107,Malaysia,2005,78.2,18100.0,74.1,0.732,0.133
1108,Malaysia,2006,79.8,18800.0,74.4,0.738,0.133
1109,Malaysia,2007,81.3,19500.0,74.5,0.751,0.267
1110,Malaysia,2008,82.9,20100.0,74.3,0.762,0.245
1111,Malaysia,2009,84.4,19400.0,74.2,0.766,0.159
1112,Malaysia,2010,85.9,20500.0,74.4,0.773,0.15
1113,Malaysia,2011,87.2,21300.0,74.6,0.779,0.116
1114,Malaysia,2012,88.5,22100.0,74.8,0.782,0.104
1115,Malaysia,2013,89.7,22900.0,75.3,0.787,0.0736
1116,Malaysia,2014,90.9,23900.0,75.1,0.792,0.0684
1117,Malaysia,2015,92.1,24800.0,75.0,0.797,0.133
1118,Malta,1990,1.13,18100.0,76.6,0.744,2.35
1119,Malta,1991,1.14,18700.0,76.8,0.749,2.88
1120,Malta,1992,1.15,19400.0,77.0,0.753,4.59
1121,Malta,1993,1.16,20000.0,77.3,0.757,4.13
1122,Malta,1994,1.17,21000.0,77.7,0.76,3.85
1123,Malta,1995,1.18,22100.0,77.8,0.764,4.36
1124,Malta,1996,1.19,22800.0,78.0,0.767,2.82
1125,Malta,1997,1.2,23800.0,78.2,0.772,4.0
1126,Malta,1998,1.21,24900.0,78.5,0.78,2.86
1127,Malta,1999,1.22,25900.0,78.6,0.785,6.62
1128,Malta,2000,1.23,27500.0,78.8,0.787,5.22
1129,Malta,2001,1.24,27000.0,79.0,0.793,6.8
1130,Malta,2002,1.25,27500.0,79.1,0.797,4.13
1131,Malta,2003,1.25,28400.0,79.3,0.804,4.45
1132,Malta,2004,1.26,28200.0,79.6,0.813,4.76
1133,Malta,2005,1.26,29000.0,80.0,0.828,3.67
1134,Malta,2006,1.27,29600.0,80.3,0.826,5.58
1135,Malta,2007,1.27,30900.0,80.4,0.831,5.57
1136,Malta,2008,1.28,31900.0,80.6,0.833,2.83
1137,Malta,2009,1.29,31300.0,80.8,0.835,7.98
1138,Malta,2010,1.29,32900.0,81.1,0.847,6.87
1139,Malta,2011,1.31,32900.0,81.2,0.848,4.38
1140,Malta,2012,1.32,33900.0,81.4,0.854,4.92
1141,Malta,2013,1.33,35300.0,81.6,0.861,4.65
1142,Malta,2014,1.34,37200.0,81.8,0.868,6.56
1143,Malta,2015,1.35,39900.0,82.2,0.877,7.19
1144,Mauritius,1990,520.0,7990.0,70.2,0.62,14.4
1145,Mauritius,1991,526.0,8250.0,70.8,0.627,13.3
1146,Mauritius,1992,533.0,8680.0,70.8,0.634,14.2
1147,Mauritius,1993,541.0,9010.0,70.7,0.639,12.9
1148,Mauritius,1994,549.0,9250.0,70.8,0.644,11.6
1149,Mauritius,1995,556.0,9570.0,71.1,0.649,13.9
1150,Mauritius,1996,563.0,10000.0,71.2,0.653,13.8
1151,Mauritius,1997,569.0,10400.0,71.1,0.657,10.8
1152,Mauritius,1998,574.0,11000.0,71.8,0.663,13.3
1153,Mauritius,1999,579.0,11100.0,71.9,0.668,14.3
1154,Mauritius,2000,584.0,11900.0,72.3,0.674,11.5
1155,Mauritius,2001,588.0,12200.0,72.6,0.683,9.51
1156,Mauritius,2002,592.0,12300.0,72.7,0.688,10.8
1157,Mauritius,2003,596.0,12900.0,72.9,0.697,7.37
1158,Mauritius,2004,599.0,13400.0,73.2,0.705,7.77
1159,Mauritius,2005,602.0,13600.0,73.2,0.713,8.08
1160,Mauritius,2006,605.0,14200.0,73.3,0.72,9.46
1161,Mauritius,2007,608.0,14900.0,73.8,0.728,9.88
1162,Mauritius,2008,610.0,15700.0,73.7,0.734,6.59
1163,Mauritius,2009,613.0,16100.0,73.8,0.742,9.88
1164,Mauritius,2010,615.0,16800.0,74.2,0.748,7.44
1165,Mauritius,2011,616.0,17500.0,74.6,0.756,8.86
1166,Mauritius,2012,617.0,18000.0,74.7,0.768,8.68
1167,Mauritius,2013,618.0,18600.0,75.1,0.775,7.67
1168,Mauritius,2014,619.0,19200.0,75.0,0.786,9.42
1169,Mauritius,2015,620.0,19900.0,75.2,0.786,8.08
1170,Mexico,1990,43.2,15000.0,70.8,0.652,2.85
1171,Mexico,1991,44.0,15300.0,71.3,0.655,2.95
1172,Mexico,1992,44.8,15600.0,71.5,0.66,3.13
1173,Mexico,1993,45.6,15600.0,71.8,0.664,3.19
1174,Mexico,1994,46.4,16100.0,72.2,0.67,3.42
1175,Mexico,1995,47.2,14900.0,72.3,0.672,3.63
1176,Mexico,1996,47.9,15600.0,72.7,0.679,3.16
1177,Mexico,1997,48.7,16400.0,72.9,0.685,3.16
1178,Mexico,1998,49.4,17000.0,73.2,0.693,3.16
1179,Mexico,1999,50.1,17200.0,73.7,0.698,3.16
1180,Mexico,2000,50.9,17800.0,74.2,0.705,3.16
1181,Mexico,2001,51.6,17500.0,74.6,0.708,3.16
1182,Mexico,2002,52.3,17300.0,74.6,0.714,3.16
1183,Mexico,2003,53.0,17300.0,74.7,0.72,3.16
1184,Mexico,2004,53.8,17700.0,75.0,0.726,3.16
1185,Mexico,2005,54.5,17800.0,75.0,0.729,3.16
1186,Mexico,2006,55.3,18400.0,75.3,0.737,3.16
1187,Mexico,2007,56.2,18500.0,75.6,0.738,3.16
1188,Mexico,2008,57.0,18500.0,75.2,0.74,3.16
1189,Mexico,2009,57.9,17200.0,75.0,0.739,3.16
1190,Mexico,2010,58.7,17800.0,75.3,0.739,3.16
1191,Mexico,2011,59.5,18200.0,75.5,0.746,3.16
1192,Mexico,2012,60.3,18700.0,75.7,0.752,3.16
1193,Mexico,2013,61.1,18700.0,75.5,0.75,3.16
1194,Mexico,2014,61.9,18900.0,75.6,0.754,3.16
1195,Mexico,2015,62.7,19300.0,75.7,0.759,3.16
1196,Moldova,1990,133.0,15000.0,68.3,0.653,15.1
1197,Moldova,1991,133.0,12300.0,67.6,0.642,16.9
1198,Moldova,1992,133.0,8630.0,67.8,0.622,16.0
1199,Moldova,1993,133.0,8460.0,67.8,0.62,16.7
1200,Moldova,1994,133.0,5810.0,66.4,0.598,18.2
1201,Moldova,1995,132.0,5700.0,66.0,0.605,18.4
1202,Moldova,1996,131.0,5370.0,66.9,0.602,17.6
1203,Moldova,1997,130.0,5480.0,68.1,0.604,17.1
1204,Moldova,1998,130.0,5120.0,68.8,0.604,15.6
1205,Moldova,1999,129.0,4960.0,68.8,0.607,15.5
1206,Moldova,2000,128.0,5070.0,68.9,0.609,14.2
1207,Moldova,2001,127.0,5400.0,69.2,0.618,16.2
1208,Moldova,2002,127.0,5830.0,69.1,0.628,15.1
1209,Moldova,2003,127.0,6230.0,69.1,0.641,15.9
1210,Moldova,2004,127.0,6710.0,69.4,0.651,15.2
1211,Moldova,2005,127.0,7230.0,68.9,0.658,15.5
1212,Moldova,2006,126.0,7600.0,69.4,0.667,15.9
1213,Moldova,2007,126.0,7850.0,69.6,0.672,13.9
1214,Moldova,2008,125.0,8470.0,69.9,0.677,15.3
1215,Moldova,2009,125.0,7980.0,70.1,0.673,15.9
1216,Moldova,2010,124.0,8550.0,70.0,0.681,16.3
1217,Moldova,2011,124.0,9050.0,71.7,0.687,12.3
1218,Moldova,2012,124.0,9000.0,72.0,0.693,13.9
1219,Moldova,2013,124.0,9820.0,72.7,0.702,13.7
1220,Moldova,2014,124.0,10300.0,72.3,0.705,13.8
1221,Moldova,2015,124.0,10400.0,72.1,0.703,13.3
1222,Netherlands,1990,444.0,36600.0,77.2,0.83,8.41
1223,Netherlands,1991,447.0,37200.0,77.3,0.834,9.2
1224,Netherlands,1992,450.0,37500.0,77.4,0.835,8.96
1225,Netherlands,1993,453.0,37700.0,77.3,0.84,8.78
1226,Netherlands,1994,456.0,38600.0,77.6,0.864,8.86
1227,Netherlands,1995,459.0,39600.0,77.7,0.862,8.45
1228,Netherlands,1996,462.0,40800.0,77.8,0.866,8.67
1229,Netherlands,1997,464.0,42400.0,78.0,0.866,8.73
1230,Netherlands,1998,467.0,44100.0,78.1,0.868,8.25
1231,Netherlands,1999,470.0,46000.0,78.1,0.871,8.27
1232,Netherlands,2000,472.0,47600.0,78.3,0.876,8.0
1233,Netherlands,2001,475.0,48300.0,78.4,0.88,7.8
1234,Netherlands,2002,478.0,48100.0,78.6,0.879,8.23
1235,Netherlands,2003,480.0,48000.0,78.9,0.883,7.79
1236,Netherlands,2004,483.0,48700.0,79.3,0.886,7.8
1237,Netherlands,2005,485.0,49600.0,79.6,0.891,8.16
1238,Netherlands,2006,488.0,51300.0,80.0,0.897,7.89
1239,Netherlands,2007,490.0,53100.0,80.3,0.904,6.93
1240,Netherlands,2008,491.0,54000.0,80.5,0.906,7.27
1241,Netherlands,2009,493.0,51800.0,80.8,0.906,7.63
1242,Netherlands,2010,495.0,52200.0,81.0,0.911,7.97
1243,Netherlands,2011,496.0,52800.0,81.1,0.922,8.28
1244,Netherlands,2012,498.0,52000.0,81.2,0.921,8.73
1245,Netherlands,2013,500.0,51800.0,81.4,0.924,9.02
1246,Netherlands,2014,501.0,52400.0,81.6,0.925,8.91
1247,Netherlands,2015,502.0,53100.0,81.7,0.927,8.91
1248,New Zealand,1990,12.9,28100.0,75.5,0.82,13.1
1249,New Zealand,1991,13.1,26500.0,75.9,0.821,13.2
1250,New Zealand,1992,13.3,26500.0,76.1,0.826,13.6
1251,New Zealand,1993,13.5,27900.0,76.3,0.838,12.0
1252,New Zealand,1994,13.8,28900.0,76.7,0.847,13.7
1253,New Zealand,1995,14.0,29900.0,76.8,0.853,14.5
1254,New Zealand,1996,14.1,30500.0,77.0,0.856,14.2
1255,New Zealand,1997,14.3,30700.0,77.4,0.861,14.8
1256,New Zealand,1998,14.4,30700.0,77.9,0.864,15.0
1257,New Zealand,1999,14.5,32200.0,78.0,0.865,13.3
1258,New Zealand,2000,14.7,32900.0,78.4,0.87,11.8
1259,New Zealand,2001,14.8,33800.0,78.6,0.874,12.9
1260,New Zealand,2002,15.1,34800.0,78.8,0.882,11.7
1261,New Zealand,2003,15.3,35700.0,79.1,0.885,12.4
1262,New Zealand,2004,15.5,36600.0,79.4,0.887,11.8
1263,New Zealand,2005,15.7,37400.0,79.8,0.889,12.2
1264,New Zealand,2006,15.9,38000.0,80.0,0.892,12.3
1265,New Zealand,2007,16.1,38800.0,80.2,0.894,11.2
1266,New Zealand,2008,16.2,38000.0,80.4,0.895,11.8
1267,New Zealand,2009,16.4,37600.0,80.6,0.898,11.4
1268,New Zealand,2010,16.6,37800.0,80.9,0.899,11.8
1269,New Zealand,2011,16.8,38400.0,80.9,0.902,10.9
1270,New Zealand,2012,17.0,39000.0,81.2,0.905,12.1
1271,New Zealand,2013,17.2,39700.0,81.5,0.907,11.0
1272,New Zealand,2014,17.3,40500.0,81.5,0.91,12.25
1273,New Zealand,2015,17.5,41200.0,81.7,0.914,12.25
1274,Norway,1990,11.6,42300.0,76.9,0.85,14.0
1275,Norway,1991,11.7,43400.0,77.2,0.856,14.4
1276,Norway,1992,11.8,44700.0,77.3,0.862,13.0
1277,Norway,1993,11.8,45700.0,77.5,0.87,12.3
1278,Norway,1994,11.9,47700.0,77.8,0.885,11.4
1279,Norway,1995,12.0,49400.0,78.0,0.883,11.6
1280,Norway,1996,12.0,51600.0,78.3,0.888,10.8
1281,Norway,1997,12.1,54100.0,78.5,0.894,10.9
1282,Norway,1998,12.2,55200.0,78.5,0.906,11.6
1283,Norway,1999,12.2,55900.0,78.7,0.911,12.4
1284,Norway,2000,12.3,57300.0,78.9,0.917,11.4
1285,Norway,2001,12.4,58200.0,79.1,0.916,11.3
1286,Norway,2002,12.4,58700.0,79.3,0.918,9.99
1287,Norway,2003,12.5,58900.0,79.7,0.924,10.4
1288,Norway,2004,12.6,60900.0,80.1,0.934,10.7
1289,Norway,2005,12.7,62100.0,80.4,0.932,10.8
1290,Norway,2006,12.8,63000.0,80.5,0.936,10.6
1291,Norway,2007,12.9,64300.0,80.7,0.938,9.39
1292,Norway,2008,13.1,63800.0,80.9,0.938,9.68
1293,Norway,2009,13.2,61900.0,81.1,0.938,10.7
1294,Norway,2010,13.4,61500.0,81.3,0.942,10.1
1295,Norway,2011,13.5,61400.0,81.3,0.943,11.0
1296,Norway,2012,13.7,62200.0,81.6,0.942,9.19
1297,Norway,2013,13.9,62100.0,81.8,0.946,9.7
1298,Norway,2014,14.1,62600.0,82.2,0.945,9.36
1299,Norway,2015,14.2,63200.0,82.4,0.948,9.78
1300,Poland,1990,124.0,11400.0,71.1,0.712,12.7
1301,Poland,1991,124.0,10500.0,70.8,0.711,13.4
1302,Poland,1992,125.0,10700.0,71.2,0.714,14.3
1303,Poland,1993,125.0,11100.0,71.8,0.725,14.0
1304,Poland,1994,125.0,11700.0,71.8,0.734,13.6
1305,Poland,1995,126.0,12500.0,72.0,0.74,13.4
1306,Poland,1996,126.0,13300.0,72.5,0.748,13.1
1307,Poland,1997,126.0,14100.0,72.7,0.759,13.55
1308,Poland,1998,126.0,14700.0,73.1,0.769,13.55
1309,Poland,1999,126.0,15400.0,73.2,0.778,13.6
1310,Poland,2000,126.0,16300.0,73.9,0.785,13.8
1311,Poland,2001,126.0,16500.0,74.3,0.791,13.7
1312,Poland,2002,126.0,16900.0,74.7,0.799,13.7
1313,Poland,2003,126.0,17500.0,74.9,0.804,13.4
1314,Poland,2004,125.0,18300.0,75.0,0.802,13.8
1315,Poland,2005,125.0,19000.0,75.2,0.808,13.6
1316,Poland,2006,125.0,20200.0,75.3,0.813,13.0
1317,Poland,2007,125.0,21600.0,75.4,0.819,11.8
1318,Poland,2008,125.0,22500.0,75.6,0.824,12.6
1319,Poland,2009,125.0,23100.0,75.9,0.828,14.3
1320,Poland,2010,125.0,24100.0,76.5,0.835,13.9
1321,Poland,2011,125.0,25200.0,76.8,0.84,13.4
1322,Poland,2012,125.0,25500.0,76.9,0.836,13.8
1323,Poland,2013,125.0,25800.0,77.2,0.851,13.5
1324,Poland,2014,124.0,26700.0,77.6,0.853,13.0
1325,Poland,2015,124.0,27900.0,77.6,0.858,11.9
1326,Portugal,1990,108.0,23600.0,74.3,0.711,7.36
1327,Portugal,1991,108.0,24700.0,74.3,0.72,7.87
1328,Portugal,1992,109.0,25000.0,74.7,0.732,7.14
1329,Portugal,1993,109.0,24500.0,74.9,0.746,6.28
1330,Portugal,1994,110.0,24600.0,75.4,0.753,6.15
1331,Portugal,1995,110.0,25600.0,75.5,0.76,6.41
1332,Portugal,1996,111.0,26400.0,75.6,0.767,4.89
1333,Portugal,1997,111.0,27400.0,75.9,0.773,4.76
1334,Portugal,1998,112.0,28600.0,76.2,0.78,4.1
1335,Portugal,1999,112.0,29600.0,76.4,0.779,3.87
1336,Portugal,2000,112.0,30500.0,76.8,0.785,3.68
1337,Portugal,2001,113.0,30900.0,77.2,0.79,5.52
1338,Portugal,2002,113.0,30900.0,77.5,0.792,8.78
1339,Portugal,2003,114.0,30500.0,77.8,0.796,8.15
1340,Portugal,2004,114.0,31000.0,78.4,0.797,6.665
1341,Portugal,2005,115.0,31200.0,78.8,0.8,6.665
1342,Portugal,2006,115.0,31600.0,79.2,0.803,6.665
1343,Portugal,2007,115.0,32400.0,79.4,0.81,6.66
1344,Portugal,2008,116.0,32400.0,79.7,0.814,6.77
1345,Portugal,2009,116.0,31400.0,79.9,0.817,6.79
1346,Portugal,2010,116.0,31900.0,80.2,0.822,7.06
1347,Portugal,2011,115.0,31400.0,80.5,0.827,6.59
1348,Portugal,2012,115.0,30300.0,80.8,0.829,6.8
1349,Portugal,2013,114.0,30100.0,81.1,0.837,6.67
1350,Portugal,2014,114.0,30500.0,81.3,0.84,7.86
1351,Portugal,2015,113.0,31200.0,81.5,0.843,6.665
1352,Qatar,1990,41.0,61200.0,69.9,0.757,3.04
1353,Qatar,1991,42.0,58300.0,69.8,0.754,3.04
1354,Qatar,1992,42.7,63400.0,69.8,0.757,3.04
1355,Qatar,1993,43.2,61300.0,69.9,0.768,3.04
1356,Qatar,1994,43.7,61000.0,71.0,0.78,3.04
1357,Qatar,1995,44.2,61200.0,71.8,0.789,3.04
1358,Qatar,1996,45.0,62300.0,70.6,0.801,3.04
1359,Qatar,1997,46.1,78400.0,70.1,0.806,3.04
1360,Qatar,1998,47.5,83900.0,70.2,0.81,3.04
1361,Qatar,1999,49.1,83900.0,70.6,0.814,3.04
1362,Qatar,2000,51.0,86600.0,71.2,0.816,3.04
1363,Qatar,2001,53.0,86600.0,71.5,0.817,3.04
1364,Qatar,2002,55.2,89100.0,71.5,0.822,3.04
1365,Qatar,2003,58.7,86900.0,71.7,0.83,3.04
1366,Qatar,2004,64.9,93700.0,72.2,0.832,3.04
1367,Qatar,2005,74.5,87700.0,72.3,0.838,3.04
1368,Qatar,2006,88.1,93700.0,72.1,0.835,3.04
1369,Qatar,2007,105.0,92800.0,72.2,0.838,3.04
1370,Qatar,2008,124.0,92600.0,72.5,0.843,3.04
1371,Qatar,2009,143.0,90000.0,72.8,0.841,3.04
1372,Qatar,2010,160.0,95900.0,73.4,0.834,3.04
1373,Qatar,2011,175.0,99100.0,73.9,0.845,3.04
1374,Qatar,2012,189.0,96300.0,74.3,0.85,3.04
1375,Qatar,2013,201.0,95500.0,74.7,0.857,3.04
1376,Qatar,2014,212.0,95600.0,74.9,0.854,3.04
1377,Qatar,2015,221.0,96000.0,75.5,0.851,3.04
1378,Romania,1990,102.0,13300.0,69.8,0.701,8.39
1379,Romania,1991,102.0,11700.0,70.3,0.686,8.66
1380,Romania,1992,102.0,10800.0,69.8,0.679,10.7
1381,Romania,1993,101.0,11000.0,69.7,0.678,11.3
1382,Romania,1994,100.0,11400.0,69.5,0.681,11.7
1383,Romania,1995,99.8,12200.0,69.4,0.687,11.3
1384,Romania,1996,99.1,12700.0,69.0,0.695,11.4
1385,Romania,1997,98.4,12100.0,69.1,0.695,11.6
1386,Romania,1998,97.6,11900.0,69.8,0.697,11.3
1387,Romania,1999,96.9,11800.0,70.7,0.703,10.8
1388,Romania,2000,96.2,12100.0,71.2,0.709,11.1
1389,Romania,2001,95.5,13000.0,71.2,0.715,10.7
1390,Romania,2002,94.9,14000.0,71.2,0.724,12.2
1391,Romania,2003,94.4,14400.0,71.5,0.732,11.4
1392,Romania,2004,93.7,16000.0,72.0,0.745,10.6
1393,Romania,2005,93.0,16800.0,72.4,0.755,10.1
1394,Romania,2006,92.3,18300.0,72.8,0.766,10.5
1395,Romania,2007,91.4,19900.0,73.4,0.78,9.32
1396,Romania,2008,90.5,22100.0,73.4,0.795,9.43
1397,Romania,2009,89.7,21100.0,73.5,0.798,9.96
1398,Romania,2010,88.9,20400.0,73.8,0.797,10.6
1399,Romania,2011,88.4,20900.0,74.6,0.798,9.75
1400,Romania,2012,87.9,21400.0,74.7,0.796,10.2
1401,Romania,2013,87.5,22300.0,75.3,0.8,9.72
1402,Romania,2014,87.0,23200.0,75.0,0.803,8.79
1403,Romania,2015,86.6,24000.0,75.3,0.806,8.87
1404,Russia,1990,9.01,21500.0,69.5,0.734,24.6
1405,Russia,1991,9.04,20400.0,69.3,0.729,24.6
1406,Russia,1992,9.05,17400.0,68.1,0.719,28.6
1407,Russia,1993,9.06,15900.0,65.5,0.711,35.2
1408,Russia,1994,9.06,13900.0,64.2,0.702,38.7
1409,Russia,1995,9.05,13300.0,64.8,0.701,38.1
1410,Russia,1996,9.04,12900.0,66.1,0.702,36.1
1411,Russia,1997,9.02,13100.0,67.2,0.704,34.1
1412,Russia,1998,9.0,12400.0,67.5,0.703,31.9
1413,Russia,1999,8.97,13200.0,66.2,0.71,34.1
1414,Russia,2000,8.94,14600.0,65.6,0.721,34.1
1415,Russia,2001,8.9,15400.0,65.5,0.727,34.1
1416,Russia,2002,8.87,16200.0,65.4,0.733,34.1
1417,Russia,2003,8.83,17500.0,65.2,0.74,34.1
1418,Russia,2004,8.8,18800.0,65.5,0.746,34.1
1419,Russia,2005,8.77,20100.0,65.0,0.752,34.1
1420,Russia,2006,8.76,21800.0,66.5,0.759,34.1
1421,Russia,2007,8.75,23700.0,67.5,0.767,34.1
1422,Russia,2008,8.75,25000.0,67.7,0.774,34.1
1423,Russia,2009,8.75,23000.0,68.7,0.771,34.1
1424,Russia,2010,8.76,24000.0,68.8,0.78,34.1
1425,Russia,2011,8.77,25000.0,70.0,0.789,34.1
1426,Russia,2012,8.79,26000.0,70.5,0.797,34.1
1427,Russia,2013,8.81,26400.0,70.9,0.803,34.1
1428,Russia,2014,8.83,26100.0,71.0,0.807,34.1
1429,Russia,2015,8.85,25600.0,71.5,0.813,34.1
1430,Serbia,1990,109.0,13700.0,70.8,0.706,13.1
1431,Serbia,1991,110.0,12600.0,70.5,0.703,13.1
1432,Serbia,1992,111.0,9390.0,71.1,0.688,13.1
1433,Serbia,1993,112.0,6730.0,71.0,0.685,13.1
1434,Serbia,1994,113.0,7120.0,70.6,0.689,13.1
1435,Serbia,1995,113.0,7780.0,70.6,0.695,13.1
1436,Serbia,1996,113.0,8270.0,70.4,0.698,13.1
1437,Serbia,1997,112.0,8890.0,70.2,0.705,13.1
1438,Serbia,1998,111.0,9230.0,70.7,0.708,15.1
1439,Serbia,1999,110.0,8390.0,68.9,0.703,16.0
1440,Serbia,2000,108.0,8930.0,71.4,0.71,15.5
1441,Serbia,2001,108.0,9560.0,71.9,0.716,14.5
1442,Serbia,2002,107.0,10200.0,72.2,0.72,14.2
1443,Serbia,2003,106.0,10600.0,72.2,0.726,13.7
1444,Serbia,2004,106.0,11600.0,72.3,0.734,13.0
1445,Serbia,2005,105.0,12300.0,72.3,0.742,13.7
1446,Serbia,2006,105.0,13000.0,72.7,0.75,13.8
1447,Serbia,2007,104.0,13900.0,73.2,0.754,13.0
1448,Serbia,2008,104.0,14700.0,73.5,0.76,12.6
1449,Serbia,2009,103.0,14400.0,73.6,0.762,13.2
1450,Serbia,2010,103.0,14600.0,74.1,0.762,11.1
1451,Serbia,2011,102.0,15000.0,74.3,0.772,11.7
1452,Serbia,2012,102.0,14900.0,74.8,0.772,11.7
1453,Serbia,2013,102.0,15400.0,74.9,0.775,11.4
1454,Serbia,2014,102.0,15300.0,75.0,0.78,10.6
1455,Serbia,2015,101.0,15600.0,75.1,0.785,10.2
1456,Singapore,1990,4.3,37300.0,75.6,0.718,13.4
1457,Singapore,1991,4.43,38700.0,76.1,0.728,10.9
1458,Singapore,1992,4.57,40100.0,76.5,0.739,9.74
1459,Singapore,1993,4.72,43600.0,76.8,0.75,9.71
1460,Singapore,1994,4.88,46900.0,77.0,0.762,11.0
1461,Singapore,1995,5.04,48800.0,77.1,0.771,12.3
1462,Singapore,1996,5.2,50300.0,77.4,0.78,8.07
1463,Singapore,1997,5.36,52700.0,77.9,0.791,9.52
1464,Singapore,1998,5.52,49800.0,78.3,0.796,10.5
1465,Singapore,1999,5.65,52300.0,78.8,0.807,8.28
1466,Singapore,2000,5.76,56000.0,79.4,0.818,9.0
1467,Singapore,2001,5.82,53900.0,79.8,0.822,8.9
1468,Singapore,2002,5.86,55500.0,80.1,0.83,8.92
1469,Singapore,2003,5.9,58900.0,80.4,0.839,8.83
1470,Singapore,2004,5.97,63900.0,80.7,0.846,8.68
1471,Singapore,2005,6.09,67000.0,81.3,0.869,9.13
1472,Singapore,2006,6.29,70800.0,81.6,0.872,8.89
1473,Singapore,2007,6.54,74000.0,81.8,0.879,8.22
1474,Singapore,2008,6.82,71500.0,82.1,0.884,7.5
1475,Singapore,2009,7.1,69500.0,82.5,0.885,8.14
1476,Singapore,2010,7.33,78200.0,82.8,0.909,6.62
1477,Singapore,2011,7.52,81400.0,83.1,0.914,6.74
1478,Singapore,2012,7.67,83000.0,83.3,0.92,8.43
1479,Singapore,2013,7.79,85600.0,83.5,0.923,7.69
1480,Singapore,2014,7.89,87800.0,83.8,0.928,7.3
1481,Singapore,2015,7.99,89400.0,84.1,0.929,7.09
1482,Slovak Republic,1990,110.0,14700.0,71.1,0.739,11.350000000000001
1483,Slovak Republic,1991,110.0,12500.0,71.3,0.734,11.350000000000001
1484,Slovak Republic,1992,111.0,11700.0,71.7,0.733,14.1
1485,Slovak Republic,1993,111.0,11900.0,72.2,0.737,13.1
1486,Slovak Republic,1994,112.0,12600.0,72.7,0.743,12.3
1487,Slovak Republic,1995,112.0,13300.0,72.7,0.751,12.9
1488,Slovak Republic,1996,112.0,14100.0,73.2,0.754,11.6
1489,Slovak Republic,1997,112.0,15000.0,73.0,0.756,10.7
1490,Slovak Republic,1998,112.0,15500.0,73.0,0.762,11.3
1491,Slovak Republic,1999,112.0,15500.0,73.3,0.762,11.5
1492,Slovak Republic,2000,112.0,15700.0,73.7,0.763,12.0
1493,Slovak Republic,2001,112.0,16300.0,73.9,0.765,11.4
1494,Slovak Republic,2002,112.0,17000.0,74.1,0.772,11.6
1495,Slovak Republic,2003,112.0,17900.0,74.2,0.777,12.1
1496,Slovak Republic,2004,112.0,18900.0,74.6,0.785,10.8
1497,Slovak Republic,2005,112.0,20100.0,74.5,0.794,10.7
1498,Slovak Republic,2006,112.0,21800.0,74.7,0.803,11.350000000000001
1499,Slovak Republic,2007,112.0,24200.0,74.7,0.814,11.350000000000001
1500,Slovak Republic,2008,112.0,25500.0,75.0,0.822,9.11
1501,Slovak Republic,2009,112.0,24100.0,75.3,0.823,9.03
1502,Slovak Republic,2010,112.0,25500.0,75.8,0.829,9.62
1503,Slovak Republic,2011,112.0,26200.0,76.0,0.836,11.350000000000001
1504,Slovak Republic,2012,113.0,26600.0,76.3,0.841,8.65
1505,Slovak Republic,2013,113.0,26800.0,76.7,0.844,9.22
1506,Slovak Republic,2014,113.0,27500.0,76.9,0.845,8.07
1507,Slovak Republic,2015,113.0,28800.0,76.8,0.849,11.350000000000001
1508,Slovenia,1990,99.6,22100.0,74.0,0.829,24.4
1509,Slovenia,1991,99.7,20100.0,74.2,0.813,28.4
1510,Slovenia,1992,99.6,19000.0,74.5,0.767,25.6
1511,Slovenia,1993,99.3,19600.0,74.7,0.759,27.0
1512,Slovenia,1994,99.1,20700.0,74.9,0.762,26.9
1513,Slovenia,1995,98.9,21600.0,75.1,0.782,24.3
1514,Slovenia,1996,98.7,22300.0,75.3,0.788,25.6
1515,Slovenia,1997,98.7,23400.0,75.3,0.796,25.3
1516,Slovenia,1998,98.7,24200.0,75.5,0.805,26.2
1517,Slovenia,1999,98.7,25500.0,75.8,0.819,24.6
1518,Slovenia,2000,98.7,26400.0,76.3,0.824,23.9
1519,Slovenia,2001,98.7,27200.0,76.3,0.835,23.4
1520,Slovenia,2002,98.7,28100.0,76.8,0.843,21.3
1521,Slovenia,2003,98.7,28900.0,77.0,0.85,22.0
1522,Slovenia,2004,98.8,30100.0,77.4,0.857,20.1
1523,Slovenia,2005,99.1,31200.0,78.1,0.861,19.4
1524,Slovenia,2006,99.4,32900.0,78.3,0.868,19.8
1525,Slovenia,2007,99.9,35000.0,78.6,0.873,16.0
1526,Slovenia,2008,100.0,36200.0,79.1,0.878,15.2
1527,Slovenia,2009,101.0,33200.0,79.4,0.877,16.2
1528,Slovenia,2010,101.0,33500.0,79.7,0.881,15.1
1529,Slovenia,2011,102.0,33700.0,80.0,0.883,15.1
1530,Slovenia,2012,102.0,32700.0,80.2,0.876,15.5
1531,Slovenia,2013,102.0,32300.0,80.5,0.884,15.8
1532,Slovenia,2014,103.0,33200.0,81.3,0.886,13.7
1533,Slovenia,2015,103.0,33900.0,81.0,0.886,14.3
1534,South Africa,1990,30.3,10300.0,64.2,0.625,0.966
1535,South Africa,1991,31.1,9940.0,64.3,0.632,0.966
1536,South Africa,1992,31.9,9490.0,63.6,0.64,0.966
1537,South Africa,1993,32.7,9380.0,64.3,0.646,0.966
1538,South Africa,1994,33.4,9450.0,63.4,0.648,0.966
1539,South Africa,1995,34.2,9540.0,62.9,0.652,0.966
1540,South Africa,1996,34.8,9760.0,61.8,0.649,0.966
1541,South Africa,1997,35.4,9840.0,59.5,0.644,0.966
1542,South Africa,1998,36.0,9730.0,58.0,0.638,0.966
1543,South Africa,1999,36.6,9820.0,57.2,0.633,0.966
1544,South Africa,2000,37.1,10100.0,55.6,0.629,0.966
1545,South Africa,2001,37.6,10200.0,54.8,0.61,0.966
1546,South Africa,2002,38.0,10500.0,53.7,0.618,0.966
1547,South Africa,2003,38.5,10600.0,52.7,0.617,0.966
1548,South Africa,2004,39.0,11000.0,52.2,0.618,0.966
1549,South Africa,2005,39.5,11400.0,52.1,0.62,0.966
1550,South Africa,2006,40.0,11900.0,52.3,0.624,0.966
1551,South Africa,2007,40.5,12400.0,53.2,0.631,0.966
1552,South Africa,2008,41.0,12600.0,54.3,0.644,0.966
1553,South Africa,2009,41.6,12300.0,55.7,0.654,0.966
1554,South Africa,2010,42.2,12500.0,57.1,0.662,0.966
1555,South Africa,2011,42.9,12700.0,58.7,0.663,0.966
1556,South Africa,2012,43.6,12700.0,60.1,0.673,0.966
1557,South Africa,2013,44.3,12900.0,61.3,0.683,0.966
1558,South Africa,2014,45.0,12900.0,61.8,0.691,0.966
1559,South Africa,2015,45.7,12800.0,62.3,0.699,0.966
1560,South Korea,1990,441.0,12700.0,72.1,0.728,7.59
1561,South Korea,1991,446.0,13900.0,72.5,0.739,7.24
1562,South Korea,1992,451.0,14600.0,73.1,0.746,8.21
1563,South Korea,1993,456.0,15500.0,73.6,0.756,9.54
1564,South Korea,1994,461.0,16800.0,73.9,0.767,9.59
1565,South Korea,1995,466.0,18200.0,74.3,0.778,10.7
1566,South Korea,1996,471.0,19400.0,74.8,0.789,12.7
1567,South Korea,1997,475.0,20400.0,75.3,0.8,12.8
1568,South Korea,1998,479.0,19300.0,75.6,0.797,17.9
1569,South Korea,1999,484.0,21300.0,76.0,0.808,14.6
1570,South Korea,2000,487.0,23100.0,76.3,0.817,13.1
1571,South Korea,2001,491.0,24000.0,76.9,0.824,13.9
1572,South Korea,2002,494.0,25700.0,77.3,0.832,17.1
1573,South Korea,2003,496.0,26400.0,77.7,0.839,21.1
1574,South Korea,2004,499.0,27600.0,78.3,0.847,21.8
1575,South Korea,2005,501.0,28700.0,78.8,0.855,22.3
1576,South Korea,2006,503.0,30100.0,79.3,0.862,19.3
1577,South Korea,2007,504.0,31700.0,79.8,0.869,21.8
1578,South Korea,2008,506.0,32400.0,80.2,0.874,22.4
1579,South Korea,2009,508.0,32500.0,80.5,0.871,26.3
1580,South Korea,2010,510.0,34500.0,80.8,0.882,25.9
1581,South Korea,2011,512.0,35500.0,81.2,0.888,25.9
1582,South Korea,2012,515.0,36200.0,81.5,0.89,22.6
1583,South Korea,2013,518.0,37200.0,81.9,0.893,22.5
1584,South Korea,2014,520.0,38100.0,82.3,0.896,21.3
1585,South Korea,2015,523.0,39000.0,82.6,0.899,20.2
1586,Spain,1990,78.6,27600.0,77.0,0.754,6.25
1587,Spain,1991,78.8,28300.0,77.1,0.764,6.14
1588,Spain,1992,79.0,28400.0,77.5,0.772,5.8
1589,Spain,1993,79.3,27900.0,77.7,0.782,6.38
1590,Spain,1994,79.5,28500.0,78.0,0.791,6.58
1591,Spain,1995,79.8,29100.0,78.1,0.8,6.44
1592,Spain,1996,80.0,29800.0,78.3,0.806,6.78
1593,Spain,1997,80.3,30800.0,78.8,0.81,6.76
1594,Spain,1998,80.6,32000.0,79.0,0.814,6.46
1595,Spain,1999,81.1,33300.0,79.1,0.819,6.21
1596,Spain,2000,81.8,34900.0,79.5,0.825,6.48
1597,Spain,2001,82.8,36000.0,79.8,0.828,5.98
1598,Spain,2002,84.0,36500.0,79.9,0.83,6.22
1599,Spain,2003,85.4,36900.0,80.0,0.833,6.3
1600,Spain,2004,86.8,37400.0,80.3,0.837,6.25
1601,Spain,2005,88.3,38100.0,80.6,0.844,5.89
1602,Spain,2006,89.7,39000.0,81.0,0.848,5.53
1603,Spain,2007,91.1,39600.0,81.2,0.853,5.38
1604,Spain,2008,92.4,39400.0,81.4,0.856,5.71
1605,Spain,2009,93.4,37500.0,81.8,0.858,5.6
1606,Spain,2010,94.1,37400.0,82.1,0.865,5.04
1607,Spain,2011,94.4,37000.0,82.3,0.87,5.04
1608,Spain,2012,94.4,35900.0,82.4,0.873,5.59
1609,Spain,2013,94.1,35500.0,82.7,0.875,6.13
1610,Spain,2014,93.8,36100.0,82.8,0.88,6.19
1611,Spain,2015,93.6,37500.0,82.8,0.885,5.62
1612,Sweden,1990,20.9,34300.0,78.0,0.816,14.3
1613,Sweden,1991,21.0,33600.0,78.1,0.818,14.6
1614,Sweden,1992,21.2,33100.0,78.3,0.821,13.0
1615,Sweden,1993,21.3,32200.0,78.5,0.84,13.3
1616,Sweden,1994,21.4,33200.0,78.8,0.849,12.4
1617,Sweden,1995,21.5,34300.0,79.1,0.857,12.8
1618,Sweden,1996,21.6,34800.0,79.3,0.864,11.8
1619,Sweden,1997,21.6,35900.0,79.5,0.874,11.6
1620,Sweden,1998,21.6,37400.0,79.6,0.888,11.4
1621,Sweden,1999,21.6,39000.0,79.8,0.893,11.6
1622,Sweden,2000,21.6,40800.0,80.0,0.897,10.5
1623,Sweden,2001,21.7,41200.0,80.2,0.9,10.8
1624,Sweden,2002,21.7,42000.0,80.3,0.903,11.0
1625,Sweden,2003,21.8,42800.0,80.5,0.908,10.4
1626,Sweden,2004,21.9,44500.0,80.7,0.896,10.7
1627,Sweden,2005,22.0,45600.0,81.0,0.899,11.1
1628,Sweden,2006,22.2,47400.0,81.1,0.902,10.9
1629,Sweden,2007,22.3,48700.0,81.3,0.905,10.3
1630,Sweden,2008,22.5,48100.0,81.5,0.901,10.6
1631,Sweden,2009,22.7,45600.0,81.7,0.899,11.2
1632,Sweden,2010,22.9,47900.0,81.9,0.906,10.1
1633,Sweden,2011,23.1,49100.0,82.0,0.906,10.0
1634,Sweden,2012,23.3,48500.0,82.1,0.908,10.0
1635,Sweden,2013,23.4,48600.0,82.3,0.927,10.7
1636,Sweden,2014,23.6,49400.0,82.5,0.929,9.9
1637,Sweden,2015,23.8,51100.0,82.5,0.932,10.1
1638,Switzerland,1990,168.0,55400.0,77.9,0.832,18.2
1639,Switzerland,1991,170.0,54200.0,78.1,0.834,18.7
1640,Switzerland,1992,172.0,53600.0,78.4,0.836,17.3
1641,Switzerland,1993,174.0,53100.0,78.7,0.841,17.0
1642,Switzerland,1994,176.0,53300.0,79.0,0.844,17.7
1643,Switzerland,1995,177.0,53200.0,78.9,0.848,16.6
1644,Switzerland,1996,178.0,53300.0,79.3,0.854,16.7
1645,Switzerland,1997,179.0,54400.0,79.6,0.864,15.5
1646,Switzerland,1998,179.0,55800.0,79.9,0.874,15.6
1647,Switzerland,1999,180.0,56500.0,80.1,0.881,14.6
1648,Switzerland,2000,181.0,58400.0,80.3,0.889,15.4
1649,Switzerland,2001,182.0,58800.0,80.6,0.891,14.6
1650,Switzerland,2002,183.0,58400.0,80.9,0.891,15.5
1651,Switzerland,2003,184.0,58000.0,81.1,0.896,13.2
1652,Switzerland,2004,185.0,59200.0,81.4,0.901,13.1
1653,Switzerland,2005,187.0,60700.0,81.7,0.906,13.2
1654,Switzerland,2006,189.0,62700.0,81.9,0.912,13.1
1655,Switzerland,2007,191.0,64700.0,82.2,0.915,13.3
1656,Switzerland,2008,193.0,65300.0,82.4,0.917,12.6
1657,Switzerland,2009,195.0,63000.0,82.5,0.927,11.2
1658,Switzerland,2010,198.0,64300.0,82.8,0.932,9.84
1659,Switzerland,2011,200.0,64600.0,83.0,0.932,9.98
1660,Switzerland,2012,203.0,64600.0,83.1,0.935,9.84
1661,Switzerland,2013,205.0,65000.0,83.3,0.938,9.9
1662,Switzerland,2014,208.0,65800.0,83.5,0.939,14.6
1663,Switzerland,2015,210.0,65900.0,83.6,0.943,14.6
1664,Tajikistan,1990,37.8,3870.0,66.9,0.603,6.46
1665,Tajikistan,1991,38.6,3520.0,66.7,0.598,5.5
1666,Tajikistan,1992,39.3,2450.0,63.4,0.577,5.2
1667,Tajikistan,1993,40.0,2020.0,58.8,0.56,3.77
1668,Tajikistan,1994,40.6,1560.0,64.2,0.527,5.03
1669,Tajikistan,1995,41.2,1350.0,64.6,0.532,5.22
1670,Tajikistan,1996,41.8,1110.0,64.1,0.517,4.47
1671,Tajikistan,1997,42.4,1110.0,65.6,0.522,4.01
1672,Tajikistan,1998,43.1,1150.0,65.7,0.526,3.58
1673,Tajikistan,1999,43.7,1170.0,66.3,0.53,4.9
1674,Tajikistan,2000,44.4,1250.0,66.6,0.538,3.55
1675,Tajikistan,2001,45.1,1350.0,66.8,0.548,3.24
1676,Tajikistan,2002,45.9,1470.0,67.0,0.559,2.96
1677,Tajikistan,2003,46.7,1600.0,67.3,0.571,3.13
1678,Tajikistan,2004,47.6,1740.0,67.5,0.582,2.95
1679,Tajikistan,2005,48.5,1820.0,67.5,0.59,4.01
1680,Tajikistan,2006,49.5,1910.0,67.6,0.596,4.01
1681,Tajikistan,2007,50.5,2020.0,67.7,0.602,4.01
1682,Tajikistan,2008,51.5,2130.0,67.9,0.616,4.01
1683,Tajikistan,2009,52.6,2170.0,68.0,0.619,4.01
1684,Tajikistan,2010,53.8,2260.0,68.0,0.63,4.01
1685,Tajikistan,2011,55.0,2370.0,68.1,0.634,4.01
1686,Tajikistan,2012,56.3,2490.0,68.3,0.639,4.01
1687,Tajikistan,2013,57.6,2620.0,68.6,0.643,4.01
1688,Tajikistan,2014,59.0,2730.0,68.6,0.642,4.01
1689,Tajikistan,2015,60.4,2820.0,68.6,0.642,4.01
1690,Thailand,1990,111.0,7110.0,71.3,0.574,5.47
1691,Thailand,1991,112.0,7630.0,71.2,0.583,5.47
1692,Thailand,1992,113.0,8160.0,71.3,0.589,5.47
1693,Thailand,1993,114.0,8750.0,71.2,0.597,5.47
1694,Thailand,1994,115.0,9370.0,70.9,0.604,4.06
1695,Thailand,1995,116.0,10000.0,70.7,0.611,5.47
1696,Thailand,1996,118.0,10500.0,70.6,0.619,5.47
1697,Thailand,1997,119.0,10100.0,71.7,0.625,5.47
1698,Thailand,1998,121.0,9190.0,71.8,0.63,5.47
1699,Thailand,1999,122.0,9500.0,71.4,0.64,5.47
1700,Thailand,2000,123.0,9820.0,71.8,0.649,5.47
1701,Thailand,2001,124.0,10100.0,72.8,0.657,5.47
1702,Thailand,2002,125.0,10600.0,73.1,0.665,7.42
1703,Thailand,2003,126.0,11300.0,73.6,0.674,5.47
1704,Thailand,2004,127.0,11900.0,73.7,0.683,5.47
1705,Thailand,2005,128.0,12300.0,74.8,0.693,5.47
1706,Thailand,2006,129.0,12900.0,75.4,0.694,5.47
1707,Thailand,2007,130.0,13500.0,76.0,0.71,5.51
1708,Thailand,2008,130.0,13600.0,76.5,0.714,5.5
1709,Thailand,2009,131.0,13500.0,76.9,0.718,5.47
1710,Thailand,2010,132.0,14400.0,77.0,0.721,5.41
1711,Thailand,2011,132.0,14500.0,77.4,0.729,5.46
1712,Thailand,2012,133.0,15400.0,77.7,0.733,5.6
1713,Thailand,2013,133.0,15800.0,78.0,0.731,5.46
1714,Thailand,2014,134.0,15900.0,78.1,0.739,5.39
1715,Thailand,2015,134.0,16300.0,78.2,0.746,5.65
1716,Trinidad and Tobago,1990,238.0,10100.0,69.6,0.667,14.8
1717,Trinidad and Tobago,1991,240.0,10300.0,69.9,0.668,12.9
1718,Trinidad and Tobago,1992,241.0,11300.0,69.7,0.674,14.1
1719,Trinidad and Tobago,1993,242.0,11200.0,69.4,0.676,14.8
1720,Trinidad and Tobago,1994,244.0,11500.0,69.2,0.68,12.6
1721,Trinidad and Tobago,1995,244.0,11900.0,69.8,0.686,14.1
1722,Trinidad and Tobago,1996,245.0,12700.0,69.5,0.691,14.1
1723,Trinidad and Tobago,1997,246.0,13700.0,70.2,0.699,14.1
1724,Trinidad and Tobago,1998,246.0,14700.0,69.9,0.698,14.1
1725,Trinidad and Tobago,1999,246.0,15900.0,69.8,0.717,14.1
1726,Trinidad and Tobago,2000,247.0,17000.0,70.5,0.721,14.1
1727,Trinidad and Tobago,2001,248.0,17600.0,70.6,0.729,14.1
1728,Trinidad and Tobago,2002,249.0,18900.0,71.2,0.73,14.1
1729,Trinidad and Tobago,2003,250.0,21500.0,71.1,0.744,14.1
1730,Trinidad and Tobago,2004,251.0,23100.0,71.6,0.753,14.1
1731,Trinidad and Tobago,2005,253.0,24500.0,71.9,0.751,14.1
1732,Trinidad and Tobago,2006,254.0,27600.0,72.5,0.767,14.1
1733,Trinidad and Tobago,2007,255.0,28700.0,72.8,0.777,14.1
1734,Trinidad and Tobago,2008,256.0,29600.0,72.4,0.784,14.1
1735,Trinidad and Tobago,2009,257.0,28100.0,73.2,0.786,14.1
1736,Trinidad and Tobago,2010,259.0,28900.0,73.7,0.788,14.1
1737,Trinidad and Tobago,2011,260.0,28700.0,74.5,0.786,14.1
1738,Trinidad and Tobago,2012,262.0,28800.0,75.1,0.784,14.1
1739,Trinidad and Tobago,2013,264.0,29300.0,74.9,0.787,14.1
1740,Trinidad and Tobago,2014,266.0,28800.0,74.9,0.788,14.1
1741,Trinidad and Tobago,2015,267.0,29200.0,74.9,0.796,14.1
1742,Tunisia,1990,53.1,5430.0,72.3,0.569,0.19
1743,Tunisia,1991,54.2,5520.0,72.3,0.575,0.19
1744,Tunisia,1992,55.4,5820.0,72.5,0.583,0.19
1745,Tunisia,1993,56.6,5830.0,72.7,0.589,0.19
1746,Tunisia,1994,57.7,5900.0,73.0,0.6,0.19
1747,Tunisia,1995,58.7,5930.0,73.0,0.607,0.19
1748,Tunisia,1996,59.7,6260.0,73.3,0.616,0.19
1749,Tunisia,1997,60.5,6510.0,73.5,0.623,0.19
1750,Tunisia,1998,61.2,6740.0,73.8,0.635,0.19
1751,Tunisia,1999,61.9,7070.0,74.0,0.645,0.19
1752,Tunisia,2000,62.5,7330.0,74.3,0.653,0.19
1753,Tunisia,2001,63.0,7540.0,74.5,0.661,0.19
1754,Tunisia,2002,63.5,7580.0,74.7,0.666,0.19
1755,Tunisia,2003,64.0,7880.0,74.9,0.673,0.19
1756,Tunisia,2004,64.5,8310.0,75.1,0.682,0.19
1757,Tunisia,2005,65.1,8520.0,75.4,0.689,0.19
1758,Tunisia,2006,65.7,8890.0,75.5,0.695,0.19
1759,Tunisia,2007,66.3,9390.0,75.7,0.701,0.19
1760,Tunisia,2008,67.0,9680.0,75.9,0.708,0.19
1761,Tunisia,2009,67.8,9870.0,76.0,0.71,0.19
1762,Tunisia,2010,68.5,10100.0,76.2,0.717,0.19
1763,Tunisia,2011,69.1,9820.0,76.2,0.719,0.19
1764,Tunisia,2012,69.8,10100.0,76.5,0.721,0.19
1765,Tunisia,2013,70.5,10300.0,76.7,0.725,0.19
1766,Tunisia,2014,71.2,10500.0,76.8,0.728,0.19
1767,Tunisia,2015,72.0,10500.0,77.0,0.731,0.19
1768,Turkey,1990,70.1,12700.0,68.8,0.579,1.91
1769,Turkey,1991,71.3,12500.0,69.3,0.583,1.91
1770,Turkey,1992,72.4,13000.0,69.6,0.589,1.91
1771,Turkey,1993,73.6,13700.0,70.1,0.597,1.91
1772,Turkey,1994,74.8,12900.0,70.4,0.599,1.91
1773,Turkey,1995,76.0,13700.0,70.8,0.607,1.91
1774,Turkey,1996,77.2,14500.0,71.5,0.615,1.91
1775,Turkey,1997,78.4,15300.0,72.0,0.624,1.91
1776,Turkey,1998,79.7,15400.0,72.7,0.635,1.91
1777,Turkey,1999,80.9,14700.0,72.8,0.643,1.91
1778,Turkey,2000,82.2,15500.0,74.7,0.655,1.91
1779,Turkey,2001,83.4,14400.0,75.0,0.661,1.91
1780,Turkey,2002,84.6,15100.0,75.2,0.672,1.91
1781,Turkey,2003,85.9,15700.0,75.7,0.679,1.91
1782,Turkey,2004,87.1,17000.0,76.3,0.685,1.91
1783,Turkey,2005,88.2,18300.0,76.8,0.691,1.91
1784,Turkey,2006,89.3,19300.0,77.0,0.702,1.91
1785,Turkey,2007,90.4,20100.0,77.1,0.709,1.91
1786,Turkey,2008,91.5,20000.0,77.0,0.714,1.91
1787,Turkey,2009,92.7,18800.0,76.8,0.721,1.46
1788,Turkey,2010,94.0,20100.0,76.7,0.743,2.09
1789,Turkey,2011,95.4,22000.0,76.8,0.759,1.54
1790,Turkey,2012,97.0,22700.0,77.0,0.765,1.91
1791,Turkey,2013,98.7,24200.0,77.0,0.781,2.34
1792,Turkey,2014,100.0,25000.0,77.1,0.792,2.06
1793,Turkey,2015,102.0,26000.0,77.4,0.8,1.91
1794,Ukraine,1990,88.8,15800.0,70.6,0.705,18.4
1795,Ukraine,1991,88.8,14400.0,69.9,0.701,18.4
1796,Ukraine,1992,88.8,13000.0,69.2,0.692,20.0
1797,Ukraine,1993,88.6,11100.0,68.6,0.681,21.3
1798,Ukraine,1994,88.3,8610.0,67.9,0.668,23.7
1799,Ukraine,1995,87.9,7620.0,67.0,0.664,25.2
1800,Ukraine,1996,87.3,6920.0,67.3,0.661,26.3
1801,Ukraine,1997,86.6,6770.0,67.9,0.663,25.8
1802,Ukraine,1998,85.9,6700.0,68.7,0.665,25.7
1803,Ukraine,1999,85.1,6750.0,68.3,0.667,25.0
1804,Ukraine,2000,84.3,7220.0,68.0,0.671,25.3
1805,Ukraine,2001,83.5,7970.0,68.2,0.681,23.0
1806,Ukraine,2002,82.8,8470.0,68.1,0.689,22.2
1807,Ukraine,2003,82.1,9350.0,68.3,0.699,21.8
1808,Ukraine,2004,81.5,10600.0,68.0,0.706,20.0
1809,Ukraine,2005,80.9,11000.0,67.8,0.715,23.0
1810,Ukraine,2006,80.5,11900.0,68.4,0.722,23.0
1811,Ukraine,2007,80.0,12800.0,68.1,0.729,23.0
1812,Ukraine,2008,79.7,13200.0,68.3,0.733,23.0
1813,Ukraine,2009,79.4,11300.0,70.0,0.727,23.0
1814,Ukraine,2010,79.0,11800.0,70.8,0.732,23.0
1815,Ukraine,2011,78.7,12500.0,71.5,0.737,23.0
1816,Ukraine,2012,78.5,12500.0,71.6,0.742,23.0
1817,Ukraine,2013,78.2,12600.0,71.8,0.744,23.0
1818,Ukraine,2014,77.9,12400.0,71.7,0.747,23.0
1819,Ukraine,2015,77.5,11200.0,72.5,0.742,23.0
1820,United Kingdom,1990,236.0,30700.0,75.8,0.775,7.28
1821,United Kingdom,1991,237.0,30200.0,76.1,0.787,7.15
1822,United Kingdom,1992,237.0,30300.0,76.3,0.801,7.25
1823,United Kingdom,1993,238.0,30900.0,76.4,0.813,6.97
1824,United Kingdom,1994,239.0,32100.0,76.7,0.827,6.82
1825,United Kingdom,1995,239.0,32800.0,76.8,0.839,6.71
1826,United Kingdom,1996,240.0,33500.0,77.0,0.844,6.43
1827,United Kingdom,1997,241.0,34700.0,77.3,0.849,6.43
1828,United Kingdom,1998,242.0,35900.0,77.5,0.855,6.83
1829,United Kingdom,1999,243.0,37000.0,77.6,0.861,6.82
1830,United Kingdom,2000,244.0,38100.0,78.0,0.867,6.43
1831,United Kingdom,2001,244.0,39100.0,78.3,0.871,6.35
1832,United Kingdom,2002,245.0,39800.0,78.5,0.874,6.37
1833,United Kingdom,2003,246.0,41000.0,78.6,0.878,6.06
1834,United Kingdom,2004,247.0,41700.0,79.0,0.886,6.27
1835,United Kingdom,2005,249.0,42700.0,79.3,0.89,6.01
1836,United Kingdom,2006,251.0,43600.0,79.5,0.889,6.09
1837,United Kingdom,2007,254.0,44300.0,79.8,0.892,5.73
1838,United Kingdom,2008,257.0,43800.0,80.0,0.896,6.25
1839,United Kingdom,2009,260.0,41700.0,80.3,0.899,6.17
1840,United Kingdom,2010,262.0,42100.0,80.6,0.905,6.0
1841,United Kingdom,2011,265.0,42500.0,80.8,0.899,6.29
1842,United Kingdom,2012,267.0,42800.0,80.9,0.897,6.27
1843,United Kingdom,2013,269.0,43400.0,81.0,0.914,6.65
1844,United Kingdom,2014,270.0,44200.0,81.1,0.918,6.59
1845,United Kingdom,2015,272.0,44900.0,81.0,0.916,6.7
1846,Uruguay,1990,17.8,10200.0,73.2,0.692,9.52
1847,Uruguay,1991,17.9,10400.0,73.4,0.697,9.52
1848,Uruguay,1992,18.0,11200.0,73.5,0.7,9.52
1849,Uruguay,1993,18.2,11400.0,73.3,0.703,9.52
1850,Uruguay,1994,18.3,12100.0,73.6,0.709,9.52
1851,Uruguay,1995,18.4,11900.0,73.7,0.711,9.52
1852,Uruguay,1996,18.6,12500.0,73.9,0.717,9.52
1853,Uruguay,1997,18.7,13400.0,74.1,0.727,9.52
1854,Uruguay,1998,18.8,13900.0,74.1,0.735,9.52
1855,Uruguay,1999,18.9,13600.0,74.4,0.737,9.52
1856,Uruguay,2000,19.0,13300.0,74.8,0.742,9.52
1857,Uruguay,2001,19.0,12800.0,75.0,0.745,9.52
1858,Uruguay,2002,19.0,11800.0,75.0,0.747,9.52
1859,Uruguay,2003,19.0,11900.0,75.0,0.75,9.52
1860,Uruguay,2004,19.0,12500.0,75.2,0.754,9.52
1861,Uruguay,2005,19.0,13400.0,75.5,0.756,9.52
1862,Uruguay,2006,19.0,13900.0,75.9,0.761,9.52
1863,Uruguay,2007,19.0,14800.0,75.7,0.763,9.52
1864,Uruguay,2008,19.1,15900.0,76.2,0.767,9.52
1865,Uruguay,2009,19.1,16500.0,76.5,0.779,9.52
1866,Uruguay,2010,19.2,17700.0,76.5,0.774,9.52
1867,Uruguay,2011,19.2,18600.0,76.4,0.783,9.52
1868,Uruguay,2012,19.3,19200.0,76.5,0.788,9.52
1869,Uruguay,2013,19.4,20000.0,76.8,0.797,9.52
1870,Uruguay,2014,19.4,20600.0,77.1,0.8,9.52
1871,Uruguay,2015,19.5,20600.0,77.1,0.802,9.52
1872,Venezuela,1990,22.3,15200.0,72.4,0.638,6.22
1873,Venezuela,1991,22.8,16400.0,72.9,0.648,5.915
1874,Venezuela,1992,23.3,17100.0,72.9,0.654,5.75
1875,Venezuela,1993,23.8,16900.0,72.8,0.656,5.56
1876,Venezuela,1994,24.3,16300.0,72.3,0.657,6.08
1877,Venezuela,1995,24.9,16600.0,72.6,0.66,5.915
1878,Venezuela,1996,25.4,16300.0,73.3,0.662,5.915
1879,Venezuela,1997,25.9,17100.0,74.1,0.666,5.915
1880,Venezuela,1998,26.4,17000.0,74.0,0.668,5.915
1881,Venezuela,1999,26.9,15700.0,70.3,0.67,5.915
1882,Venezuela,2000,27.4,16100.0,74.2,0.672,5.915
1883,Venezuela,2001,27.9,16400.0,74.1,0.68,5.915
1884,Venezuela,2002,28.5,14800.0,74.0,0.688,5.915
1885,Venezuela,2003,29.0,13500.0,73.5,0.687,5.915
1886,Venezuela,2004,29.5,15800.0,74.6,0.7,5.915
1887,Venezuela,2005,30.0,17200.0,75.0,0.714,5.915
1888,Venezuela,2006,30.4,18700.0,74.8,0.727,5.915
1889,Venezuela,2007,30.9,20000.0,74.6,0.743,5.915
1890,Venezuela,2008,31.3,20700.0,74.4,0.753,5.915
1891,Venezuela,2009,31.8,19800.0,74.6,0.752,5.915
1892,Venezuela,2010,32.2,19700.0,75.3,0.753,5.915
1893,Venezuela,2011,32.8,20400.0,75.4,0.764,5.915
1894,Venezuela,2012,33.3,21300.0,75.2,0.767,5.915
1895,Venezuela,2013,33.8,24600.0,75.5,0.772,5.915
1896,Venezuela,2014,34.1,23400.0,75.6,0.77,5.915
1897,Venezuela,2015,34.1,21600.0,75.7,0.763,5.915
